,trade_date,weighted_ep_10bond
0,2015-03-03,0.041482688093257905
1,2015-03-04,0.04101647997755262
2,2015-03-05,0.0414301022029043
3,2015-03-06,0.041780905022964956
4,2015-03-09,0.04077716336559567
5,2015-03-10,0.040819804803811255
6,2015-03-11,0.040793898388858524
7,2015-03-12,0.03999678412735397
8,2015-03-13,0.03951531221646998
9,2015-03-16,0.03814462407314287
10,2015-03-17,0.037381603173999814
11,2015-03-18,0.036301280482150644
12,2015-03-19,0.03619538296944835
13,2015-03-20,0.03568188489007941
14,2015-03-23,0.03420329695740203
15,2015-03-24,0.03386342666335407
16,2015-03-25,0.034077346793441196
17,2015-03-26,0.03411711464611536
18,2015-03-27,0.03320139320713901
19,2015-03-30,0.03211005575563415
20,2015-03-31,0.03231719569431708
21,2015-04-01,0.03139060362170509
22,2015-04-02,0.030998552653937955
23,2015-04-03,0.030446905863469553
24,2015-04-07,0.029361935873491046
25,2015-04-08,0.029220194828547968
26,2015-04-09,0.029649636307348657
27,2015-04-10,0.02871241179811811
28,2015-04-13,0.027794847392764725
29,2015-04-14,0.02772793132722799
30,2015-04-15,0.028504039518480035
31,2015-04-16,0.027470551806713445
32,2015-04-17,0.02676955285665197
33,2015-04-20,0.0275612704913388
34,2015-04-21,0.026478305234501603
35,2015-04-22,0.025537759787970977
36,2015-04-23,0.025389175536790824
37,2015-04-24,0.025620086648272474
38,2015-04-27,0.024639207539950202
39,2015-04-28,0.02495693053458468
40,2015-04-29,0.025149255580858256
41,2015-04-30,0.025899848798715274
42,2015-05-04,0.025508835528936246
43,2015-05-05,0.027174364144415274
44,2015-05-06,0.0277062249560806
45,2015-05-07,0.028741523851672956
46,2015-05-08,0.027506507120491252
47,2015-05-11,0.02606549263275258
48,2015-05-12,0.02541108481671817
49,2015-05-13,0.02549654124762356
50,2015-05-14,0.02549711578247094
51,2015-05-15,0.026149194333277403
52,2015-05-18,0.026115072487734457
53,2015-05-19,0.024855722315887386
54,2015-05-20,0.024414152018810645
55,2015-05-21,0.0234353547439216
56,2015-05-22,0.022618644933782194
57,2015-05-25,0.02154780614658997
58,2015-05-26,0.020661080854780172
59,2015-05-27,0.02045614432283167
60,2015-05-28,0.022976823249692423
61,2015-05-29,0.022822321863164494
62,2015-06-01,0.0209032662815619
63,2015-06-02,0.020016167455367783
64,2015-06-03,0.01992219813640118
65,2015-06-04,0.01957026014717653
66,2015-06-05,0.019090831687574795
67,2015-06-08,0.018643523230999926
68,2015-06-09,0.018790621409088267
69,2015-06-10,0.018632097934468978
70,2015-06-11,0.018434931642376844
71,2015-06-12,0.018111955591092483
72,2015-06-15,0.018806978887650507
73,2015-06-16,0.020098315275029793
74,2015-06-17,0.01945971712480399
75,2015-06-18,0.020817826556211564
76,2015-06-19,0.023270541846947077
77,2015-06-23,0.02245787598361817
78,2015-06-24,0.021559918265212964
79,2015-06-25,0.022961376336954543
80,2015-06-26,0.026196222169675414
81,2015-06-29,0.027966141892167968
82,2015-06-30,0.025623164763231596
83,2015-07-01,0.027854350528750776
84,2015-07-02,0.02958276865619271
85,2015-07-03,0.032256102063979095
86,2015-07-06,0.031527582612423125
87,2015-07-07,0.03256247874054001
88,2015-07-08,0.03505468152394034
89,2015-07-09,0.0326812317500117
90,2015-07-10,0.03069336171871453
91,2015-07-13,0.029553277119903517
92,2015-07-14,0.029944473145718766
93,2015-07-15,0.03132975758480208
94,2015-07-16,0.031045689669699523
95,2015-07-17,0.029329117478985204
96,2015-07-20,0.028947491750157272
97,2015-07-21,0.02864930228589713
98,2015-07-22,0.028550592190877144
99,2015-07-23,0.027530164127603843
100,2015-07-24,0.02821354604505898
101,2015-07-27,0.03200760756088934
102,2015-07-28,0.03311774158834059
103,2015-07-29,0.03147353268561939
104,2015-07-30,0.032623002451723185
105,2015-07-31,0.03318688195893968
106,2015-08-03,0.033993302879273435
107,2015-08-04,0.032082044401393325
108,2015-08-05,0.0328390619642238
109,2015-08-06,0.033303251281530916
110,2015-08-07,0.03215552207170638
111,2015-08-10,0.02998887186982774
112,2015-08-11,0.029981370394402258
113,2015-08-12,0.030564680432771902
114,2015-08-13,0.02972504114887006
115,2015-08-14,0.029636930928371722
116,2015-08-17,0.029410958706731816
117,2015-08-18,0.03244737722237172
118,2015-08-19,0.031791065413607
119,2015-08-20,0.03341618913351027
120,2015-08-21,0.03586611770528844
121,2015-08-24,0.040937532861320194
122,2015-08-25,0.045752553330722506
123,2015-08-26,0.04697838577338216
124,2015-08-27,0.04451980478478207
125,2015-08-28,0.04153098795421792
126,2015-08-31,0.04298442537793437
127,2015-09-01,0.044135478735605665
128,2015-09-02,0.044336003835497184
129,2015-09-07,0.045615906209465165
130,2015-09-08,0.04378993901861626
131,2015-09-09,0.04234354295836666
132,2015-09-10,0.04309382960709589
133,2015-09-11,0.04299684944572424
134,2015-09-14,0.04516774903338115
135,2015-09-15,0.04762420123512434
136,2015-09-16,0.044453274281396296
137,2015-09-17,0.0456748883666937
138,2015-09-18,0.04527435299224179
139,2015-09-21,0.04392810421877073
140,2015-09-22,0.04345623958577595
141,2015-09-23,0.044558953412543165
142,2015-09-24,0.04398966990171953
143,2015-09-25,0.04519385852023919
144,2015-09-28,0.044694958482286065
145,2015-09-29,0.04583430952523515
146,2015-09-30,0.04555790176015685
147,2015-10-08,0.043578113167752675
148,2015-10-09,0.04277130549508826
149,2015-10-12,0.04078204932614103
150,2015-10-13,0.0405164785515187
151,2015-10-14,0.04134509803294606
152,2015-10-15,0.03998819805013798
153,2015-10-16,0.03917372005778946
154,2015-10-19,0.03916725052661384
155,2015-10-20,0.03849494382797347
156,2015-10-21,0.04055273192142625
157,2015-10-22,0.039485979256794645
158,2015-10-23,0.0385458660377844
159,2015-10-26,0.03821374102368384
160,2015-10-27,0.03807522901446064
161,2015-10-28,0.03920619257210911
162,2015-10-29,0.038687308541329665
163,2015-10-30,0.03796699625168276
164,2015-11-02,0.039521291340969794
165,2015-11-03,0.03969858423552465
166,2015-11-04,0.0372097325040005
167,2015-11-05,0.036478393826233996
168,2015-11-06,0.03534454473800129
169,2015-11-09,0.034476691020513414
170,2015-11-10,0.034469329360787435
171,2015-11-11,0.03414945752955445
172,2015-11-12,0.034388181309798885
173,2015-11-13,0.0352104044520999
174,2015-11-16,0.034557202890168906
175,2015-11-17,0.03471279866085403
176,2015-11-18,0.03529948852088656
177,2015-11-19,0.03435126011164093
178,2015-11-20,0.034038073628108095
179,2015-11-23,0.03431009289036831
180,2015-11-24,0.034093568604550956
181,2015-11-25,0.03348337126477123
182,2015-11-26,0.03374581929608712
183,2015-11-27,0.036735512519255165
184,2015-11-30,0.03645189156350005
185,2015-12-01,0.036327035111468536
186,2015-12-02,0.03540641426095821
187,2015-12-03,0.0345491277062238
188,2015-12-04,0.03526630866672992
189,2015-12-07,0.034923797368746956
190,2015-12-08,0.035882145310806704
191,2015-12-09,0.03586283474019006
192,2015-12-10,0.03604115396763462
193,2015-12-11,0.03637612912540285
194,2015-12-14,0.03516152148343686
195,2015-12-15,0.03511555775552083
196,2015-12-16,0.034984032606632506
197,2015-12-17,0.033931431015975386
198,2015-12-18,0.0339005962710662
199,2015-12-21,0.033082474018039945
200,2015-12-22,0.03286436512413146
201,2015-12-23,0.0331381123464511
202,2015-12-24,0.033391081671073825
203,2015-12-25,0.03316584256462428
204,2015-12-28,0.0342971787669786
205,2015-12-29,0.03383721945684169
206,2015-12-30,0.03353442947158487
207,2015-12-31,0.034101443900286785
208,2016-01-04,0.03796894765520914
209,2016-01-05,0.03835687477557269
210,2016-01-06,0.03720103948646994
211,2016-01-07,0.04151447376099923
212,2016-01-08,0.040594174239540357
213,2016-01-11,0.04399486276640727
214,2016-01-12,0.043790742530251434
215,2016-01-13,0.04538511530829936
216,2016-01-14,0.04391253039566481
217,2016-01-15,0.046040240978926894
218,2016-01-18,0.045484613541824814
219,2016-01-19,0.043503043988591464
220,2016-01-20,0.04408996974637583
221,2016-01-21,0.04612125176309741
222,2016-01-22,0.045212791357984575
223,2016-01-25,0.04470681834007567
224,2016-01-26,0.048967130382761154
225,2016-01-27,0.04930665871443217
226,2016-01-28,0.05138157618823315
227,2016-01-29,0.0492602544754184
228,2016-02-01,0.049947259698465515
229,2016-02-02,0.048289811097165306
230,2016-02-03,0.048367655906229504
231,2016-02-04,0.04736745504868166
232,2016-02-05,0.047861192975329064
233,2016-02-15,0.04810566290945607
234,2016-02-16,0.0459206365448632
235,2016-02-17,0.04520897724570884
236,2016-02-18,0.04538688175469559
237,2016-02-19,0.045317394966613175
238,2016-02-22,0.043999506054544335
239,2016-02-23,0.04447426538500965
240,2016-02-24,0.04411034716104677
241,2016-02-25,0.048356078382535486
242,2016-02-26,0.04795168834187699
243,2016-02-29,0.04993304977015357
244,2016-03-01,0.04871742561140681
245,2016-03-02,0.04603143638726864
246,2016-03-03,0.04582546458977832
247,2016-03-04,0.046006573722569236
248,2016-03-07,0.045352478615144784
249,2016-03-08,0.04515174393570415
250,2016-03-09,0.045964934720322995
251,2016-03-10,0.0471007528022683
252,2016-03-11,0.047076081945151727
253,2016-03-14,0.04573709873457388
254,2016-03-15,0.04579094648538101
255,2016-03-16,0.045755307440716084
256,2016-03-17,0.04465000692890547
257,2016-03-18,0.04322325325223754
258,2016-03-21,0.04199219294334702
259,2016-03-22,0.04225152665953301
260,2016-03-23,0.04186933562981553
261,2016-03-24,0.04240494412124668
262,2016-03-25,0.04197703037850867
263,2016-03-28,0.04233670530970915
264,2016-03-29,0.043140643655016284
265,2016-03-30,0.04168954294185184
266,2016-03-31,0.04144922875359837
267,2016-04-01,0.04139725369579682
268,2016-04-05,0.040349031423094844
269,2016-04-06,0.040290743594974004
270,2016-04-07,0.04111753907779876
271,2016-04-08,0.04157245643124409
272,2016-04-11,0.04060859702426134
273,2016-04-12,0.04080249129285726
274,2016-04-13,0.039971461002591024
275,2016-04-14,0.03954957791364466
276,2016-04-15,0.039448189602363015
277,2016-04-18,0.04024033903770198
278,2016-04-19,0.04011014175473954
279,2016-04-20,0.04178579510346414
280,2016-04-21,0.04226421264170256
281,2016-04-22,0.041887776480221295
282,2016-04-25,0.042125757242677614
283,2016-04-26,0.04199343538134184
284,2016-04-27,0.042275600621994175
285,2016-04-28,0.042526985160882325
286,2016-04-29,0.04234611384720981
287,2016-05-03,0.041336475029732506
288,2016-05-04,0.041360583878158
289,2016-05-05,0.041157594703267256
290,2016-05-06,0.042972333050386904
291,2016-05-09,0.04469906388898501
292,2016-05-10,0.044714994370759306
293,2016-05-11,0.04468195652429349
294,2016-05-12,0.04464380812913317
295,2016-05-13,0.04482521321851905
296,2016-05-16,0.04414598633749979
297,2016-05-17,0.044252951467701876
298,2016-05-18,0.04519340866349518
299,2016-05-19,0.04512748884440715
300,2016-05-20,0.04463894711462915
301,2016-05-23,0.04415382745107947
302,2016-05-24,0.04464070179109547
303,2016-05-25,0.04472607488743835
304,2016-05-26,0.0445360180178033
305,2016-05-27,0.04454283256513307
306,2016-05-30,0.044541127154551025
307,2016-05-31,0.04250224312989663
308,2016-06-01,0.0423955594278235
309,2016-06-02,0.04210677112945273
310,2016-06-03,0.04178835947746004
311,2016-06-06,0.04178029657481584
312,2016-06-07,0.04167531433382031
313,2016-06-08,0.04187441286164961
314,2016-06-13,0.04401532234483026
315,2016-06-14,0.04378302159012061
316,2016-06-15,0.042617621477648374
317,2016-06-16,0.04281451691379996
318,2016-06-17,0.04250514957660019
319,2016-06-20,0.042358612228645245
320,2016-06-21,0.042671887021325655
321,2016-06-22,0.04198057572554094
322,2016-06-23,0.04211375771919319
323,2016-06-24,0.04284854460691018
324,2016-06-27,0.041948990536642194
325,2016-06-28,0.041526814371010204
326,2016-06-29,0.04127572582585998
327,2016-06-30,0.04122956753473765
328,2016-07-01,0.04123562310299486
329,2016-07-04,0.04024849478515728
330,2016-07-05,0.04005198816533381
331,2016-07-06,0.03984804988526025
332,2016-07-07,0.039891738425846854
333,2016-07-08,0.04026487427825287
334,2016-07-11,0.04007395325232836
335,2016-07-12,0.03922225429695199
336,2016-07-13,0.03893586725661578
337,2016-07-14,0.03901144856604612
338,2016-07-15,0.039059223777670876
339,2016-07-18,0.0392432309891505
340,2016-07-19,0.03929295695523628
341,2016-07-20,0.039408611541896205
342,2016-07-21,0.03921851204131817
343,2016-07-22,0.03953319342653022
344,2016-07-25,0.039380194916352404
345,2016-07-26,0.03870566631636492
346,2016-07-27,0.040139561449602
347,2016-07-28,0.04011021971777118
348,2016-07-29,0.040331084835155226
349,2016-08-01,0.04072780055868365
350,2016-08-02,0.040380994794106895
351,2016-08-03,0.04020387423017609
352,2016-08-04,0.04000326223893583
353,2016-08-05,0.04012147044348506
354,2016-08-08,0.03959405968982105
355,2016-08-09,0.039155709583402254
356,2016-08-10,0.039333021135187676
357,2016-08-11,0.039711561298649306
358,2016-08-12,0.038897793013621076
359,2016-08-15,0.03756721627517051
360,2016-08-16,0.03769182014457284
361,2016-08-17,0.03764851858475725
362,2016-08-18,0.03779834952762287
363,2016-08-19,0.03771470296307451
364,2016-08-22,0.038183952686511896
365,2016-08-23,0.038013421528649616
366,2016-08-24,0.038119188990613215
367,2016-08-25,0.0383637499703067
368,2016-08-26,0.03792168441230073
369,2016-08-29,0.03758572273854646
370,2016-08-30,0.03752500261385584
371,2016-08-31,0.037417510071548296
372,2016-09-01,0.03779724748074635
373,2016-09-02,0.03779549230685733
374,2016-09-05,0.03764872754307204
375,2016-09-06,0.037171271367056766
376,2016-09-07,0.03713752110998787
377,2016-09-08,0.03705598252675542
378,2016-09-09,0.03738329104713284
379,2016-09-12,0.03852533635858574
380,2016-09-13,0.03841174749216204
381,2016-09-14,0.03875380266439436
382,2016-09-19,0.0383635559038735
383,2016-09-20,0.03839336388254373
384,2016-09-21,0.03829779237294707
385,2016-09-22,0.03794162724122627
386,2016-09-23,0.038124847748484
387,2016-09-26,0.039123637568786715
388,2016-09-27,0.03877705664699575
389,2016-09-28,0.03889648593005386
390,2016-09-29,0.038671040742935966
391,2016-09-30,0.0384777728702681
392,2016-10-10,0.037630825871613455
393,2016-10-11,0.03738855477873332
394,2016-10-12,0.03745463338185666
395,2016-10-13,0.037421344433383824
396,2016-10-14,0.03738487250789871
397,2016-10-17,0.03783800218892608
398,2016-10-18,0.03704877605262748
399,2016-10-19,0.03709945732701442
400,2016-10-20,0.037022029035879755
401,2016-10-21,0.0370601994455633
402,2016-10-24,0.03654589641514329
403,2016-10-25,0.03665013167607424
404,2016-10-26,0.036896179262694506
405,2016-10-27,0.03710061154412625
406,2016-10-28,0.03789719601811116
407,2016-10-31,0.03837305036969378
408,2016-11-01,0.037954163120336004
409,2016-11-02,0.03841347350292498
410,2016-11-03,0.03801036532952716
411,2016-11-04,0.0381279684480771
412,2016-11-07,0.03805653469306783
413,2016-11-08,0.03776744511189732
414,2016-11-09,0.03811607078033795
415,2016-11-10,0.03744788135051698
416,2016-11-11,0.03710202280522412
417,2016-11-14,0.036873915311670336
418,2016-11-15,0.03682164263524147
419,2016-11-16,0.03682021301379412
420,2016-11-17,0.036828946501083384
421,2016-11-18,0.03702083309580875
422,2016-11-21,0.03667537104033196
423,2016-11-22,0.03620038680500709
424,2016-11-23,0.03627460570237903
425,2016-11-24,0.036289589251879265
426,2016-11-25,0.03593988422228685
427,2016-11-28,0.035732722315308565
428,2016-11-29,0.03569631330636999
429,2016-11-30,0.03608879267559338
430,2016-12-01,0.035760204493874626
431,2016-12-02,0.03631813555859624
432,2016-12-05,0.03690839269080892
433,2016-12-06,0.03694206138495362
434,2016-12-07,0.036578861360499246
435,2016-12-08,0.036720763401664
436,2016-12-09,0.036487480335525554
437,2016-12-12,0.03809462281737948
438,2016-12-13,0.038089485690078737
439,2016-12-14,0.038369822258971786
440,2016-12-15,0.038644562497806845
441,2016-12-16,0.038419345410900294
442,2016-12-19,0.03859227486558524
443,2016-12-20,0.03882462162558749
444,2016-12-21,0.03828300835845558
445,2016-12-22,0.038244176605383776
446,2016-12-23,0.038714430595850766
447,2016-12-26,0.03845479604571275
448,2016-12-27,0.03853084955958115
449,2016-12-28,0.038727434525388654
450,2016-12-29,0.03881679768883513
451,2016-12-30,0.03864198132848222
452,2017-01-03,0.03810823725400425
453,2017-01-04,0.037593187768454744
454,2017-01-05,0.03749919618126925
455,2017-01-06,0.03771188305906137
456,2017-01-09,0.037517454805128136
457,2017-01-10,0.03765155920443619
458,2017-01-11,0.0381009341674555
459,2017-01-12,0.038392754356053146
460,2017-01-13,0.03863627103234939
461,2017-01-16,0.03922550172187783
462,2017-01-17,0.03893457864611487
463,2017-01-18,0.03884037470268138
464,2017-01-19,0.039037268921611246
465,2017-01-20,0.03853635848737265
466,2017-01-23,0.038192007434035544
467,2017-01-24,0.03814087379271244
468,2017-01-25,0.037887393476161185
469,2017-01-26,0.037615326307224334
470,2017-02-03,0.037873889423824206
471,2017-02-06,0.03753138237999272
472,2017-02-07,0.03757878821847331
473,2017-02-08,0.03732103918049676
474,2017-02-09,0.037034638744978726
475,2017-02-10,0.036930721135142355
476,2017-02-13,0.03652197006007196
477,2017-02-14,0.036509867227838874
478,2017-02-15,0.03673457176614753
479,2017-02-16,0.03651868678348512
480,2017-02-17,0.03690942625239316
481,2017-02-20,0.03622319660720154
482,2017-02-21,0.035938961458774676
483,2017-02-22,0.0357415139175041
484,2017-02-23,0.03588799109467143
485,2017-02-24,0.0358935021841157
486,2017-02-27,0.03619178492756396
487,2017-02-28,0.035875717983794395
488,2017-03-01,0.03576554547658743
489,2017-03-02,0.03606179767081047
490,2017-03-03,0.036089225793883656
491,2017-03-06,0.035752385029278175
492,2017-03-07,0.03560691447027295
493,2017-03-08,0.035734413153626535
494,2017-03-09,0.036080675706416404
495,2017-03-10,0.03606337150134188
496,2017-03-13,0.035646537106538936
497,2017-03-14,0.03565355189617102
498,2017-03-15,0.03561957706117155
499,2017-03-16,0.03520343075623533
500,2017-03-17,0.03564219346405363
501,2017-03-20,0.03559601588390372
502,2017-03-21,0.03536875687677844
503,2017-03-22,0.03553601533321582
504,2017-03-23,0.03546678158168244
505,2017-03-24,0.03527067975695408
506,2017-03-27,0.035628487295587166
507,2017-03-28,0.035747839431433365
508,2017-03-29,0.03583629442043139
509,2017-03-30,0.036403516064261815
510,2017-03-31,0.035976300288034946
511,2017-04-05,0.035013477873964194
512,2017-04-06,0.034825223898826585
513,2017-04-07,0.03472156907021556
514,2017-04-10,0.03486610141869073
515,2017-04-11,0.03433091815811276
516,2017-04-12,0.03449520360509023
517,2017-04-13,0.034343317988093286
518,2017-04-14,0.034830768898276035
519,2017-04-17,0.03521814381120371
520,2017-04-18,0.03556873481073393
521,2017-04-19,0.03606233607762212
522,2017-04-20,0.03599409064064414
523,2017-04-21,0.03600564974169018
524,2017-04-24,0.0369402881614906
525,2017-04-25,0.03706249477264083
526,2017-04-26,0.0368778051159141
527,2017-04-27,0.037054675530729886
528,2017-04-28,0.038258852523091066
529,2017-05-02,0.039195827651861456
530,2017-05-03,0.03938581701736976
531,2017-05-04,0.03952411024135784
532,2017-05-05,0.03998728563195901
533,2017-05-08,0.04061346769805871
534,2017-05-09,0.04051818220502855
535,2017-05-10,0.04109660330400543
536,2017-05-11,0.040917869032678786
537,2017-05-12,0.04062134099559864
538,2017-05-15,0.04041019216623476
539,2017-05-16,0.0397898429137232
540,2017-05-17,0.03991342227822897
541,2017-05-18,0.04016739493725706
542,2017-05-19,0.04014336278259022
543,2017-05-22,0.04044583816650836
544,2017-05-23,0.040792270266494374
545,2017-05-24,0.04068400290381406
546,2017-05-25,0.03976208524099101
547,2017-05-26,0.03996879115254175
548,2017-05-31,0.03989680266876945
549,2017-06-01,0.040246482719070414
550,2017-06-02,0.04012555326147359
551,2017-06-05,0.040240495478928606
552,2017-06-06,0.0399777649344422
553,2017-06-07,0.03916447746692238
554,2017-06-08,0.038962651895297074
555,2017-06-09,0.03880066562231928
556,2017-06-12,0.03909965792684433
557,2017-06-13,0.038746779523107
558,2017-06-14,0.03912911032276964
559,2017-06-15,0.03902976313655104
560,2017-06-16,0.03919955274238647
561,2017-06-19,0.038814471922939686
562,2017-06-20,0.03882169804407899
563,2017-06-21,0.03848825443054825
564,2017-06-22,0.0387658993483983
565,2017-06-23,0.038495817986205105
566,2017-06-26,0.037889003443557556
567,2017-06-27,0.03781099560153317
568,2017-06-28,0.03812744628360347
569,2017-06-29,0.037852909418599215
570,2017-06-30,0.037776181516124246
571,2017-07-03,0.03768735003272211
572,2017-07-04,0.03792005078033514
573,2017-07-05,0.03749100602214796
574,2017-07-06,0.03740440572684156
575,2017-07-07,0.037357350312591714
576,2017-07-10,0.03745402169943267
577,2017-07-11,0.037595747498156154
578,2017-07-12,0.037654733539657176
579,2017-07-13,0.03744289538222438
580,2017-07-14,0.03743301936023702
581,2017-07-17,0.03849805370896331
582,2017-07-18,0.03825426824621121
583,2017-07-19,0.037528094866716113
584,2017-07-20,0.037273211756456856
585,2017-07-21,0.03734973948281689
586,2017-07-24,0.03710540777889294
587,2017-07-25,0.0372799159037521
588,2017-07-26,0.037273006981320245
589,2017-07-27,0.03710698620453114
590,2017-07-28,0.03708388595562562
591,2017-07-31,0.036801142975170786
592,2017-08-01,0.036567718215648026
593,2017-08-02,0.03676244853861206
594,2017-08-03,0.036941138350902736
595,2017-08-04,0.03716677557429761
596,2017-08-07,0.03682143219794333
597,2017-08-08,0.03674381076355458
598,2017-08-09,0.03675663738136882
599,2017-08-10,0.03704101067251747
600,2017-08-11,0.03794599183390798
601,2017-08-14,0.037280354257426235
602,2017-08-15,0.037002261306140455
603,2017-08-16,0.03705523523857167
604,2017-08-17,0.03673725279247621
605,2017-08-18,0.03691680415638546
606,2017-08-21,0.03664096672051548
607,2017-08-22,0.036728217171709224
608,2017-08-23,0.03683775254372436
609,2017-08-24,0.03705223746077599
610,2017-08-25,0.036218164450896775
611,2017-08-28,0.035975660951076155
612,2017-08-29,0.036226257302882245
613,2017-08-30,0.03633173590669059
614,2017-08-31,0.03677121024062148
615,2017-09-01,0.03659453222110097
616,2017-09-04,0.036296351790908746
617,2017-09-05,0.03618558239814064
618,2017-09-06,0.036043565203353625
619,2017-09-07,0.0363450622844298
620,2017-09-08,0.03632429120967971
621,2017-09-11,0.03608287581070302
622,2017-09-12,0.0360247485527683
623,2017-09-13,0.035883696091129666
624,2017-09-14,0.036045670535773885
625,2017-09-15,0.036279877779579806
626,2017-09-18,0.03606370894507106
627,2017-09-19,0.0362039503615352
628,2017-09-20,0.03597279078128805
629,2017-09-21,0.036155640591990584
630,2017-09-22,0.03623694161770369
631,2017-09-25,0.03651230223667194
632,2017-09-26,0.03644225457780444
633,2017-09-27,0.036303003712790854
634,2017-09-28,0.03638078169294574
635,2017-09-29,0.0361719418741291
636,2017-10-09,0.035638114231747856
637,2017-10-10,0.03542536995813972
638,2017-10-11,0.035368739976962146
639,2017-10-12,0.03538110773724562
640,2017-10-13,0.03524462253975033
641,2017-10-16,0.035608299815775554
642,2017-10-17,0.03566693737644301
643,2017-10-18,0.03554337744104309
644,2017-10-19,0.03577754193573103
645,2017-10-20,0.03567438699511377
646,2017-10-23,0.035578152241584476
647,2017-10-24,0.035545818911768126
648,2017-10-25,0.035480171208351785
649,2017-10-26,0.03566666631564065
650,2017-10-27,0.036072637299852425
651,2017-10-30,0.0373390314573038
652,2017-10-31,0.03779845569043712
653,2017-11-01,0.0377958519178566
654,2017-11-02,0.03802451664673137
655,2017-11-03,0.03825122778302434
656,2017-11-06,0.03784234081309458
657,2017-11-07,0.03743156054904628
658,2017-11-08,0.03741956110355242
659,2017-11-09,0.03714040058472469
660,2017-11-10,0.0369692899939609
661,2017-11-13,0.0367303092146299
662,2017-11-14,0.03705990044504098
663,2017-11-15,0.037494429759819356
664,2017-11-16,0.03746663081157928
665,2017-11-17,0.03794224530454912
666,2017-11-20,0.03761136668892001
667,2017-11-21,0.03719303685058557
668,2017-11-22,0.03697205809079886
669,2017-11-23,0.03834918237570353
670,2017-11-24,0.038323512695532025
671,2017-11-27,0.0389386638448191
672,2017-11-28,0.038616157131931006
673,2017-11-29,0.038536377872792446
674,2017-11-30,0.038960614293588505
675,2017-12-01,0.03884271049965958
676,2017-12-04,0.038897413577441184
677,2017-12-05,0.03917630781285954
678,2017-12-06,0.03921043116121284
679,2017-12-07,0.0396323494304945
680,2017-12-08,0.03924685967731027
681,2017-12-11,0.03856099982297044
682,2017-12-12,0.03919993015854542
683,2017-12-13,0.03878383908148776
684,2017-12-14,0.03894309061361691
685,2017-12-15,0.03940169634584878
686,2017-12-18,0.03941760415820025
687,2017-12-19,0.03889541541286044
688,2017-12-20,0.03907154798733255
689,2017-12-21,0.038762308455960987
690,2017-12-22,0.038834073860260124
691,2017-12-25,0.03904778607549328
692,2017-12-26,0.03874890606473019
693,2017-12-27,0.039280025627066326
694,2017-12-28,0.038911229142262874
695,2017-12-29,0.03862862711032018
696,2018-01-02,0.03783882594984536
697,2018-01-03,0.0374698013211404
698,2018-01-04,0.037192011572527356
699,2018-01-05,0.037096653814601116
700,2018-01-08,0.0368395635272593
701,2018-01-09,0.03670279727435663
702,2018-01-10,0.03657591931418075
703,2018-01-11,0.03650469069946655
704,2018-01-12,0.03644218924451749
705,2018-01-15,0.036956587642370683
706,2018-01-16,0.036659657210296015
707,2018-01-17,0.036689124555912944
708,2018-01-18,0.036296140004816776
709,2018-01-19,0.036185119210492125
710,2018-01-22,0.035719429272922376
711,2018-01-23,0.03516569511465019
712,2018-01-24,0.035000578430820314
713,2018-01-25,0.035191178089112735
714,2018-01-26,0.035069262071259294
715,2018-01-29,0.035678798906549444
716,2018-01-30,0.036162161606500404
717,2018-01-31,0.036333230901944846
718,2018-02-01,0.037050342654146695
719,2018-02-02,0.03680719004959898
720,2018-02-05,0.03662413495110413
721,2018-02-06,0.038584909609580775
722,2018-02-07,0.03956385832656102
723,2018-02-08,0.04000798389550503
724,2018-02-09,0.04228885288104997
725,2018-02-12,0.04151674064599721
726,2018-02-13,0.041106082928372784
727,2018-02-14,0.04080375465018807
728,2018-02-22,0.039552777296153335
729,2018-02-23,0.039282087736136895
730,2018-02-26,0.038549341589404484
731,2018-02-27,0.03919060077896634
732,2018-02-28,0.039514720793726935
733,2018-03-01,0.03907538395093123
734,2018-03-02,0.039435559754254515
735,2018-03-05,0.03936791170973519
736,2018-03-06,0.03879904555571888
737,2018-03-07,0.03913996171741599
738,2018-03-08,0.03877958237630148
739,2018-03-09,0.038320479184211914
740,2018-03-12,0.03788594945108975
741,2018-03-13,0.03833142269778382
742,2018-03-14,0.03864946203969866
743,2018-03-15,0.03858739005183415
744,2018-03-16,0.0389809119033146
745,2018-03-19,0.03878956069959641
746,2018-03-20,0.03861024624636736
747,2018-03-21,0.039080552368392016
748,2018-03-22,0.03937797200072614
749,2018-03-23,0.04142269176411932
750,2018-03-26,0.04148718968018575
751,2018-03-27,0.04079677575970041
752,2018-03-28,0.041658512653106425
753,2018-03-29,0.04091231434321077
754,2018-03-30,0.04079414804155154
755,2018-04-02,0.04098382277238795
756,2018-04-03,0.04146114887782376
757,2018-04-04,0.041673224880741655
758,2018-04-09,0.04158743479789649
759,2018-04-10,0.04088463860898123
760,2018-04-11,0.040641671721064296
761,2018-04-12,0.04121075902223842
762,2018-04-13,0.041536573165305096
763,2018-04-16,0.042268240890302566
764,2018-04-17,0.0433125596085954
765,2018-04-18,0.042817430081157556
766,2018-04-19,0.042341677132792147
767,2018-04-20,0.0434110248535933
768,2018-04-23,0.04359670421629078
769,2018-04-24,0.04243094941866846
770,2018-04-25,0.042689228793222234
771,2018-04-26,0.04391250011902098
772,2018-04-27,0.04432811270886651
773,2018-05-02,0.045641319791383375
774,2018-05-03,0.0451418330891539
775,2018-05-04,0.04533208926525012
776,2018-05-07,0.04433145756830256
777,2018-05-08,0.04384648011370827
778,2018-05-09,0.043890298889865564
779,2018-05-10,0.043583577690843756
780,2018-05-11,0.04390062651634147
781,2018-05-14,0.043703804931479434
782,2018-05-15,0.04334586476668391
783,2018-05-16,0.043731872151421144
784,2018-05-17,0.04404036229173498
785,2018-05-18,0.04340448229001524
786,2018-05-21,0.042993777193463575
787,2018-05-22,0.04301159467180281
788,2018-05-23,0.043846546233761344
789,2018-05-24,0.04415594724604267
790,2018-05-25,0.04454844737584944
791,2018-05-28,0.044500767773361316
792,2018-05-29,0.04490786673898799
793,2018-05-30,0.04654302697848439
794,2018-05-31,0.045366866655721844
795,2018-06-01,0.045844063888575814
796,2018-06-04,0.04551071831379684
797,2018-06-05,0.04490493752536455
798,2018-06-06,0.044921982739668506
799,2018-06-07,0.04509763526622415
800,2018-06-08,0.04587333975067527
801,2018-06-11,0.04613429770179578
802,2018-06-12,0.04544859827705301
803,2018-06-13,0.046122256480819954
804,2018-06-14,0.046312585118244834
805,2018-06-15,0.04687494100233326
806,2018-06-19,0.04964492622970247
807,2018-06-20,0.04930668528548428
808,2018-06-21,0.050284517240479554
809,2018-06-22,0.049845707857116034
810,2018-06-25,0.05049473625102886
811,2018-06-26,0.050728443801085155
812,2018-06-27,0.05157259395803081
813,2018-06-28,0.052235860142263335
814,2018-06-29,0.05042114091324157
815,2018-07-02,0.05224239566324598
816,2018-07-03,0.051958877490567226
817,2018-07-04,0.052427265955324404
818,2018-07-05,0.053116273456811955
819,2018-07-06,0.05292930061137886
820,2018-07-09,0.05118624843268314
821,2018-07-10,0.05087183035701928
822,2018-07-11,0.05208334661613734
823,2018-07-12,0.05057599875590249
824,2018-07-13,0.05054897721216686
825,2018-07-16,0.05083459195175932
826,2018-07-17,0.05112837669924798
827,2018-07-18,0.051498418633839055
828,2018-07-19,0.05183056557572362
829,2018-07-20,0.05062266156553487
830,2018-07-23,0.05001239164186444
831,2018-07-24,0.0489620517891009
832,2018-07-25,0.04903109318613494
833,2018-07-26,0.04957810429696341
834,2018-07-27,0.04981014025812687
835,2018-07-30,0.0501057196031236
836,2018-07-31,0.05010916651087953
837,2018-08-01,0.051360491881681805
838,2018-08-02,0.0528482430134881
839,2018-08-03,0.05372166731904669
840,2018-08-06,0.05469516358251594
841,2018-08-07,0.05277637070937889
842,2018-08-08,0.053780624188560056
843,2018-08-09,0.052343595736948356
844,2018-08-10,0.05227001444084943
845,2018-08-13,0.052436511168839364
846,2018-08-14,0.05266559787125309
847,2018-08-15,0.05422426133593172
848,2018-08-16,0.05481310132153791
849,2018-08-17,0.055873694506818325
850,2018-08-20,0.05524872414716754
851,2018-08-21,0.054361871486485705
852,2018-08-22,0.05518718791681583
853,2018-08-23,0.05500528109404394
854,2018-08-24,0.054991210862560355
855,2018-08-27,0.05389156464513491
856,2018-08-28,0.05417809363829712
857,2018-08-29,0.05479219916138045
858,2018-08-30,0.05591575505316691
859,2018-08-31,0.0569297961314425
860,2018-09-03,0.05703006348676194
861,2018-09-04,0.056236651791229
862,2018-09-05,0.057516420474004334
863,2018-09-06,0.05802157557394613
864,2018-09-07,0.057761735927190055
865,2018-09-10,0.05879416788933031
866,2018-09-11,0.05887570690458334
867,2018-09-12,0.05921184676253405
868,2018-09-13,0.058412243072469075
869,2018-09-14,0.058577359030126896
870,2018-09-17,0.05946756009474176
871,2018-09-18,0.05812505597937173
872,2018-09-19,0.057194164585868415
873,2018-09-20,0.057238982786834355
874,2018-09-21,0.05548464410912465
875,2018-09-25,0.055906890402228224
876,2018-09-26,0.055253047989008305
877,2018-09-27,0.05569670218211378
878,2018-09-28,0.05496972049415812
879,2018-10-08,0.05778743715563679
880,2018-10-09,0.05770757678661495
881,2018-10-10,0.05769126286985006
882,2018-10-11,0.06189853433747393
883,2018-10-12,0.06121162075562943
884,2018-10-15,0.06238016008185175
885,2018-10-16,0.0632407770597584
886,2018-10-17,0.06274453784177604
887,2018-10-18,0.06507951640385891
888,2018-10-19,0.06302670161419348
889,2018-10-22,0.05988288796863253
890,2018-10-23,0.06174339519518281
891,2018-10-24,0.06161169802945292
892,2018-10-25,0.06185822302045978
893,2018-10-26,0.061822600351489704
894,2018-10-29,0.06383270005052494
895,2018-10-30,0.0632079535416345
896,2018-10-31,0.06317877040917232
897,2018-11-01,0.0628675143898782
898,2018-11-02,0.060549763753982605
899,2018-11-05,0.06086178699733
900,2018-11-06,0.06108684069413825
901,2018-11-07,0.06151826196130053
902,2018-11-08,0.061734305507495715
903,2018-11-09,0.06266195347751899
904,2018-11-12,0.061502405697279355
905,2018-11-13,0.060655012494940735
906,2018-11-14,0.06127520916540494
907,2018-11-15,0.06028624345922952
908,2018-11-16,0.05988469358287217
909,2018-11-19,0.05917642667883449
910,2018-11-20,0.06093851909741413
911,2018-11-21,0.06072446033471279
912,2018-11-22,0.06085481266392019
913,2018-11-23,0.06296941370080107
914,2018-11-26,0.06310766433673361
915,2018-11-27,0.06307057807886729
916,2018-11-28,0.062155126718770645
917,2018-11-29,0.06330535988785219
918,2018-11-30,0.06259452264433546
919,2018-12-03,0.06046827767697266
920,2018-12-04,0.060172879239634186
921,2018-12-05,0.060620362257224863
922,2018-12-06,0.062067659219516916
923,2018-12-07,0.062036492164348825
924,2018-12-10,0.06277019190602617
925,2018-12-11,0.06236664048464771
926,2018-12-12,0.06213557587084824
927,2018-12-13,0.06115247227965638
928,2018-12-14,0.06252832815520777
929,2018-12-17,0.06248783298547987
930,2018-12-18,0.06315246330720825
931,2018-12-19,0.06406062254046385
932,2018-12-20,0.06436126372401801
933,2018-12-21,0.06511089537537426
934,2018-12-24,0.06460153877409835
935,2018-12-25,0.06528729042741038
936,2018-12-26,0.06551805188947493
937,2018-12-27,0.06607400130637085
938,2018-12-28,0.06572931775938269
939,2019-01-02,0.06664604417339573
940,2019-01-03,0.06682687405758833
941,2019-01-04,0.06503751070612183
942,2019-01-07,0.06425159426016838
943,2019-01-08,0.06440298932887237
944,2019-01-09,0.06384244809659839
945,2019-01-10,0.06399555576999298
946,2019-01-11,0.06342158496529693
947,2019-01-14,0.06401464607943856
948,2019-01-15,0.06283046260876478
949,2019-01-16,0.06283049986948969
950,2019-01-17,0.06328340495154418
951,2019-01-18,0.062162103988800885
952,2019-01-21,0.06166341488188651
953,2019-01-22,0.06260332656308489
954,2019-01-23,0.06251775137872352
955,2019-01-24,0.06213905900130401
956,2019-01-25,0.06181692728901812
957,2019-01-28,0.06164387597404074
958,2019-01-29,0.06183066716226414
959,2019-01-30,0.06252563554309151
960,2019-01-31,0.06224822008876324
961,2019-02-01,0.060980519187822754
962,2019-02-11,0.05957779247710385
963,2019-02-12,0.05888981623078529
964,2019-02-13,0.057594342616041946
965,2019-02-14,0.057486367267895896
966,2019-02-15,0.0584731137045825
967,2019-02-18,0.05628506518175373
968,2019-02-19,0.05631444911259523
969,2019-02-20,0.05607809780991292
970,2019-02-21,0.05639464214965169
971,2019-02-22,0.0549751594747563
972,2019-02-25,0.05126689598181669
973,2019-02-26,0.05175300965806008
974,2019-02-27,0.05164305328761319
975,2019-02-28,0.05141698165591661
976,2019-03-01,0.05028907445545294
977,2019-03-04,0.0494420925754126
978,2019-03-05,0.04870960109249606
979,2019-03-06,0.04792716373879129
980,2019-03-07,0.048033382280651946
981,2019-03-08,0.05072345768582347
982,2019-03-11,0.04907787247255832
983,2019-03-12,0.04829749555951278
984,2019-03-13,0.049196181879340786
985,2019-03-14,0.050088391078144154
986,2019-03-15,0.04929835531647146
987,2019-03-18,0.04761933407556149
988,2019-03-19,0.04769800260168308
989,2019-03-20,0.04765209178574392
990,2019-03-21,0.04733734996380255
991,2019-03-22,0.0472297529503454
992,2019-03-25,0.048417115482220954
993,2019-03-26,0.04958236939352918
994,2019-03-27,0.04891670496322059
995,2019-03-28,0.04917381090630045
996,2019-03-29,0.04707245594385803
997,2019-04-01,0.04509176045404484
998,2019-04-02,0.045008104894419976
999,2019-04-03,0.04428014477399943
1000,2019-04-04,0.043717317140891096
1001,2019-04-08,0.043733091621405
1002,2019-04-09,0.043634669065738096
1003,2019-04-10,0.04361444456070901
1004,2019-04-11,0.0447587003132502
1005,2019-04-12,0.044864956189567
1006,2019-04-15,0.04514968955979498
1007,2019-04-16,0.04367365291681481
1008,2019-04-17,0.04348138047772024
1009,2019-04-18,0.04378606417944307
1010,2019-04-19,0.04336205603465257
1011,2019-04-22,0.0445381849426775
1012,2019-04-23,0.04505446788378993
1013,2019-04-24,0.04481121428791694
1014,2019-04-25,0.04646570240007539
1015,2019-04-26,0.04763166205962831
1016,2019-04-29,0.04853875128291915
1017,2019-04-30,0.0490155719109487
1018,2019-05-06,0.05317928371332879
1019,2019-05-07,0.052538781494948006
1020,2019-05-08,0.053176288300161065
1021,2019-05-09,0.05419180310253707
1022,2019-05-10,0.05189605770732879
1023,2019-05-13,0.052642502459346555
1024,2019-05-14,0.053088925351920696
1025,2019-05-15,0.05167437454256972
1026,2019-05-16,0.05130286748347389
1027,2019-05-17,0.05310001227575421
1028,2019-05-20,0.053359691034607526
1029,2019-05-21,0.05242052791846395
1030,2019-05-22,0.052738929540470214
1031,2019-05-23,0.05389429540424556
1032,2019-05-24,0.05397952903881355
1033,2019-05-27,0.05287979365845212
1034,2019-05-28,0.052437399397951306
1035,2019-05-29,0.05246237959604029
1036,2019-05-30,0.05274716774665851
1037,2019-05-31,0.05293701559862479
1038,2019-06-03,0.053219094786508894
1039,2019-06-04,0.05392954270163221
1040,2019-06-05,0.0539251515847155
1041,2019-06-06,0.05491501384897024
1042,2019-06-10,0.05411219350220979
1043,2019-06-11,0.052091628109759314
1044,2019-06-12,0.052512505360115466
1045,2019-06-13,0.0524571082575986
1046,2019-06-14,0.05324837749589645
1047,2019-06-17,0.05316174870705628
1048,2019-06-18,0.053089027758166915
1049,2019-06-19,0.0523502814856167
1050,2019-06-20,0.05076529609954426
1051,2019-06-21,0.05035236373545793
1052,2019-06-24,0.05024208727032434
1053,2019-06-25,0.05087911509782356
1054,2019-06-26,0.05091480403352609
1055,2019-06-27,0.05034187743964705
1056,2019-06-28,0.050738612211364
1057,2019-07-01,0.04906435245730925
1058,2019-07-02,0.049072541140884385
1059,2019-07-03,0.049769490971297875
1060,2019-07-04,0.050041479252789706
1061,2019-07-05,0.0497904189113179
1062,2019-07-08,0.05155950643651315
1063,2019-07-09,0.05161417820233126
1064,2019-07-10,0.05190685212287777
1065,2019-07-11,0.05188570498069811
1066,2019-07-12,0.051572567741219474
1067,2019-07-15,0.05123112807388518
1068,2019-07-16,0.05134636739839016
1069,2019-07-17,0.05139770766810682
1070,2019-07-18,0.05223612122087061
1071,2019-07-19,0.05178708837230178
1072,2019-07-22,0.052555341470314654
1073,2019-07-23,0.05224367072050934
1074,2019-07-24,0.05168556458201719
1075,2019-07-25,0.05139160410454906
1076,2019-07-26,0.05126023946918025
1077,2019-07-29,0.051288037020109215
1078,2019-07-30,0.051014244398795136
1079,2019-07-31,0.05138871562718288
1080,2019-08-01,0.05190014795484525
1081,2019-08-02,0.05293682209855849
1082,2019-08-05,0.05407929953140389
1083,2019-08-06,0.0551848399476417
1084,2019-08-07,0.05543103844547641
1085,2019-08-08,0.05473539195962798
1086,2019-08-09,0.05530867297809096
1087,2019-08-12,0.05425692665822138
1088,2019-08-13,0.05480666669753807
1089,2019-08-14,0.05443863800597565
1090,2019-08-15,0.05428805418485208
1091,2019-08-16,0.05432534513855258
1092,2019-08-19,0.052793446564202526
1093,2019-08-20,0.05285172458358743
1094,2019-08-21,0.05292680419865728
1095,2019-08-22,0.0527041358516656
1096,2019-08-23,0.05259468497383611
1097,2019-08-26,0.053449047441856246
1098,2019-08-27,0.05233619630004682
1099,2019-08-28,0.05244697681960182
1100,2019-08-29,0.05262461030334403
1101,2019-08-30,0.05289840349754525
1102,2019-09-02,0.05211050504086623
1103,2019-09-03,0.05188613668751704
1104,2019-09-04,0.05133660911681688
1105,2019-09-05,0.050748736067394024
1106,2019-09-06,0.05045141896007792
1107,2019-09-09,0.0497341375141834
1108,2019-09-10,0.04986533179204253
1109,2019-09-11,0.05027023344919196
1110,2019-09-12,0.049790976730441125
1111,2019-09-16,0.0497663496042194
1112,2019-09-17,0.05090289259959681
1113,2019-09-18,0.050666078466467715
1114,2019-09-19,0.05028103814787943
1115,2019-09-20,0.05010933209616408
1116,2019-09-23,0.050758938533414066
1117,2019-09-24,0.050545504117221945
1118,2019-09-25,0.05129124131778788
1119,2019-09-26,0.05216947652166866
1120,2019-09-27,0.05194302913893914
1121,2019-09-30,0.052556582762870535
1122,2019-10-08,0.05230925233129506
1123,2019-10-09,0.05202861454549325
1124,2019-10-10,0.051421800255400676
1125,2019-10-11,0.05093221935831445
1126,2019-10-14,0.05016094212145471
1127,2019-10-15,0.050596544790557335
1128,2019-10-16,0.050812403056902086
1129,2019-10-17,0.050773094249286804
1130,2019-10-18,0.0516560055428892
1131,2019-10-21,0.051543196331917895
1132,2019-10-22,0.05123397731283669
1133,2019-10-23,0.05166421667430679
1134,2019-10-24,0.05164360501585158
1135,2019-10-25,0.051420266501380235
1136,2019-10-28,0.050969155309853686
1137,2019-10-29,0.05162590357578746
1138,2019-10-30,0.052241791684356206
1139,2019-10-31,0.05280360084139876
1140,2019-11-01,0.05199751423136355
1141,2019-11-04,0.05158035371406769
1142,2019-11-05,0.051208054430300826
1143,2019-11-06,0.05155734569306107
1144,2019-11-07,0.05136498342686506
1145,2019-11-08,0.051656049416522576
1146,2019-11-11,0.05295851730767083
1147,2019-11-12,0.052878395636975994
1148,2019-11-13,0.05298755896984897
1149,2019-11-14,0.052814135046843846
1150,2019-11-15,0.053323394706836294
1151,2019-11-18,0.05290838826393171
1152,2019-11-19,0.05214270414133612
1153,2019-11-20,0.05267430470133361
1154,2019-11-21,0.052876911972544585
1155,2019-11-22,0.053527514973486304
1156,2019-11-25,0.05316304203564336
1157,2019-11-26,0.053064530133926285
1158,2019-11-27,0.053185362405010664
1159,2019-11-28,0.053422993875210295
1160,2019-11-29,0.05383466945521591
1161,2019-12-02,0.05373823255688741
1162,2019-12-03,0.05350773420697602
1163,2019-12-04,0.05355066947373918
1164,2019-12-05,0.05296876245614471
1165,2019-12-06,0.05255067859111422
1166,2019-12-09,0.052497670703747334
1167,2019-12-10,0.0523896122872239
1168,2019-12-11,0.052373606404023915
1169,2019-12-12,0.052535207217945204
1170,2019-12-13,0.05138536800524078
1171,2019-12-16,0.05086046295101192
1172,2019-12-17,0.05002235654177811
1173,2019-12-18,0.05010960786890431
1174,2019-12-19,0.05004225173721506
1175,2019-12-20,0.05038056579805175
1176,2019-12-23,0.051348919916835545
1177,2019-12-24,0.05075260439951762
1178,2019-12-25,0.050694778290947026
1179,2019-12-26,0.050153799028410564
1180,2019-12-27,0.050274121600002886
1181,2019-12-30,0.049495845557418316
1182,2019-12-31,0.049236277546042526
1183,2020-01-02,0.04835442998962186
1184,2020-01-03,0.04831107231644094
1185,2020-01-06,0.048225274978850693
1186,2020-01-07,0.04765260622010113
1187,2020-01-08,0.048428590723144024
1188,2020-01-09,0.04775893333876466
1189,2020-01-10,0.0477347784151852
1190,2020-01-13,0.047092110289109784
1191,2020-01-14,0.04727869039974064
1192,2020-01-15,0.04755590150700595
1193,2020-01-16,0.0478016014700986
1194,2020-01-17,0.04779782072139735
1195,2020-01-20,0.047277415632611675
1196,2020-01-21,0.04816971131263835
1197,2020-01-22,0.0478459350682396
1198,2020-01-23,0.04970445459845596
1199,2020-02-03,0.055336442910630126
1200,2020-02-04,0.054043697126842705
1201,2020-02-05,0.052940868578307945
1202,2020-02-06,0.05151673321904872
1203,2020-02-07,0.051279010575946624
1204,2020-02-10,0.050758595914111915
1205,2020-02-11,0.05051593704257293
1206,2020-02-12,0.04978389304942797
1207,2020-02-13,0.05025069823801362
1208,2020-02-14,0.04995913435773802
1209,2020-02-17,0.048307509633618476
1210,2020-02-18,0.04812465294042795
1211,2020-02-19,0.04834753682320021
1212,2020-02-20,0.04714028867314515
1213,2020-02-21,0.046687541367659166
1214,2020-02-24,0.04666439233723804
1215,2020-02-25,0.04677924562730319
1216,2020-02-26,0.04767490050512725
1217,2020-02-27,0.04755011801131545
1218,2020-02-28,0.05019909955636538
1219,2020-03-02,0.047975281643546724
1220,2020-03-03,0.04746515309072187
1221,2020-03-04,0.047148901636232254
1222,2020-03-05,0.045969377279540466
1223,2020-03-06,0.04665372760585505
1224,2020-03-09,0.04880733298042314
1225,2020-03-10,0.047482583641947476
1226,2020-03-11,0.04828008948848711
1227,2020-03-12,0.049474618588994296
1228,2020-03-13,0.05025855204225052
1229,2020-03-16,0.05275127251285561
1230,2020-03-17,0.05293741263880149
1231,2020-03-18,0.054175052077077124
1232,2020-03-19,0.0545855920167871
1233,2020-03-20,0.053498627235286964
1234,2020-03-23,0.05603572919143043
1235,2020-03-24,0.054327778505019575
1236,2020-03-25,0.0526158819353133
1237,2020-03-26,0.05327689095210976
1238,2020-03-27,0.05329869154446451
1239,2020-03-30,0.05434801814419381
1240,2020-03-31,0.054130915056963935
1241,2020-04-01,0.054426043528936235
1242,2020-04-02,0.05310580853724123
1243,2020-04-03,0.053510935041884755
1244,2020-04-07,0.05187064849612677
1245,2020-04-08,0.05202515144923907
1246,2020-04-09,0.05167416953507621
1247,2020-04-10,0.05252255718070166
1248,2020-04-13,0.05283787351629049
1249,2020-04-14,0.05158750999299373
1250,2020-04-15,0.051851784736711204
1251,2020-04-16,0.051638659615874744
1252,2020-04-17,0.05125068537596275
1253,2020-04-20,0.050741082961307415
1254,2020-04-21,0.05131988014980521
1255,2020-04-22,0.05074638335189198
1256,2020-04-23,0.05091048485898686
1257,2020-04-24,0.05129795881431018
1258,2020-04-27,0.050921472886569605
1259,2020-04-28,0.05112505340478686
1260,2020-04-29,0.050450015080370336
1261,2020-04-30,0.04771798051667091
1262,2020-05-06,0.047106589065566765
1263,2020-05-07,0.04732771618466222
1264,2020-05-08,0.046647349418256115
1265,2020-05-11,0.0466604935592405
1266,2020-05-12,0.0465978749797169
1267,2020-05-13,0.04636710725297764
1268,2020-05-14,0.04698844776120498
1269,2020-05-15,0.04697204261905118
1270,2020-05-18,0.046901999639146055
1271,2020-05-19,0.04632377062655521
1272,2020-05-20,0.04669956041998008
1273,2020-05-21,0.04711844067759954
1274,2020-05-22,0.04839513611745146
1275,2020-05-25,0.048398378325785946
1276,2020-05-26,0.04745872730404663
1277,2020-05-27,0.04782105281496263
1278,2020-05-28,0.047745139449923396
1279,2020-05-29,0.04749323492964701
1280,2020-06-01,0.04590734356195614
1281,2020-06-02,0.04577685607952327
1282,2020-06-03,0.0457332479052541
1283,2020-06-04,0.045765604341521146
1284,2020-06-05,0.045543189140025336
1285,2020-06-08,0.045370648135707445
1286,2020-06-09,0.04497905088693423
1287,2020-06-10,0.045039276996258704
1288,2020-06-11,0.045511078548085865
1289,2020-06-12,0.045427265296436536
1290,2020-06-15,0.045923103956228464
1291,2020-06-16,0.04494295528126693
1292,2020-06-17,0.04479713628626335
1293,2020-06-18,0.04462721423653376
1294,2020-06-19,0.04400612899176662
1295,2020-06-22,0.04395262689579259
1296,2020-06-23,0.043724681584624225
1297,2020-06-24,0.043574780514437195
1298,2020-06-29,0.043823352524401615
1299,2020-06-30,0.043107806742701024
1300,2020-07-01,0.042340879724749994
1301,2020-07-02,0.041289482252712284
1302,2020-07-03,0.04032680868944866
1303,2020-07-06,0.03754236385277068
1304,2020-07-07,0.03705802504857997
1305,2020-07-08,0.0361704077340948
1306,2020-07-09,0.035243184635303626
1307,2020-07-10,0.03591093995437168
1308,2020-07-13,0.034676659847170097
1309,2020-07-14,0.03515274227840588
1310,2020-07-15,0.036073924999189655
1311,2020-07-16,0.038595414699222244
1312,2020-07-17,0.0383613391543146
1313,2020-07-20,0.03685456951279352
1314,2020-07-21,0.03661451059724462
1315,2020-07-22,0.03615158792229768
1316,2020-07-23,0.03624039005631434
1317,2020-07-24,0.03861355225024188
1318,2020-07-27,0.03844544732828509
1319,2020-07-28,0.037919105778325746
1320,2020-07-29,0.036685272805368166
1321,2020-07-30,0.03688968933028269
1322,2020-07-31,0.036354082098381396
1323,2020-08-03,0.03532199724400585
1324,2020-08-04,0.03537327247365346
1325,2020-08-05,0.03519866465231587
1326,2020-08-06,0.03527756473005042
1327,2020-08-07,0.03586220747236714
1328,2020-08-10,0.03560466147339826
1329,2020-08-11,0.03628235372546801
1330,2020-08-12,0.036756260940443125
1331,2020-08-13,0.03676295174637813
1332,2020-08-14,0.03606382776175962
1333,2020-08-17,0.034983100072728826
1334,2020-08-18,0.03481513303892009
1335,2020-08-19,0.03567729409298559
1336,2020-08-20,0.03635248603859936
1337,2020-08-21,0.03599231680446799
1338,2020-08-24,0.03560846501470297
1339,2020-08-25,0.03574784952140217
1340,2020-08-26,0.03657031214412254
1341,2020-08-27,0.036370409409655
1342,2020-08-28,0.03608413775113349
1343,2020-08-31,0.03486759219603475
1344,2020-09-01,0.034575418214285614
1345,2020-09-02,0.03455077709766277
1346,2020-09-03,0.03490121157133892
1347,2020-09-04,0.03536017873333011
1348,2020-09-07,0.036449311611322074
1349,2020-09-08,0.036152863339033114
1350,2020-09-09,0.03739950410739204
1351,2020-09-10,0.037880904157533396
1352,2020-09-11,0.03726997052410147
1353,2020-09-14,0.036899175361309766
1354,2020-09-15,0.03657834947675383
1355,2020-09-16,0.03690852318893666
1356,2020-09-17,0.03703790577686822
1357,2020-09-18,0.03601551620769429
1358,2020-09-21,0.03637585876906571
1359,2020-09-22,0.03695511756418679
1360,2020-09-23,0.03674070347968025
1361,2020-09-24,0.03780895408694493
1362,2020-09-25,0.03785533441072442
1363,2020-09-28,0.03792655971672455
1364,2020-09-29,0.03767761008555805
1365,2020-09-30,0.03769629881216964
1366,2020-10-09,0.036523928937297
1367,2020-10-12,0.03501577172428594
1368,2020-10-13,0.03488765946612128
1369,2020-10-14,0.0351939824438314
1370,2020-10-15,0.03538224070088697
1371,2020-10-16,0.0354195450424039
1372,2020-10-19,0.035789349306639975
1373,2020-10-20,0.03552692983286049
1374,2020-10-21,0.035765466135785656
1375,2020-10-22,0.03599967220794044
1376,2020-10-23,0.03682339096379901
1377,2020-10-26,0.037082272677400996
1378,2020-10-27,0.03708277934502832
1379,2020-10-28,0.03705068171478672
1380,2020-10-29,0.03760831284767302
1381,2020-10-30,0.038674654445119944
1382,2020-11-02,0.03870151269793305
1383,2020-11-03,0.037923392022905206
1384,2020-11-04,0.037742441873176116
1385,2020-11-05,0.036971982611650134
1386,2020-11-06,0.03717027660138833
1387,2020-11-09,0.03612957386848256
1388,2020-11-10,0.036463499726514886
1389,2020-11-11,0.0369691374335418
1390,2020-11-12,0.03693742082183797
1391,2020-11-13,0.037318756693432265
1392,2020-11-16,0.03675397821908623
1393,2020-11-17,0.036983646502836934
1394,2020-11-18,0.036939931752092287
1395,2020-11-19,0.036614049612247485
1396,2020-11-20,0.036356792607712435
1397,2020-11-23,0.035835707901672384
1398,2020-11-24,0.03603159302635747
1399,2020-11-25,0.036778747631553185
1400,2020-11-26,0.03680906221229521
1401,2020-11-27,0.03630927084318185
1402,2020-11-30,0.036551777918881576
1403,2020-12-01,0.03562845466332992
1404,2020-12-02,0.03560864227598563
1405,2020-12-03,0.0356965510926502
1406,2020-12-04,0.035536839407246
1407,2020-12-07,0.035859610500887776
1408,2020-12-08,0.03590946394703169
1409,2020-12-09,0.0366367068859834
1410,2020-12-10,0.036656107658133305
1411,2020-12-11,0.03719602560643083
1412,2020-12-14,0.03673043326860115
1413,2020-12-15,0.03667153526096928
1414,2020-12-16,0.03668733130476558
1415,2020-12-17,0.03606305710165038
1416,2020-12-18,0.03621635557904497
1417,2020-12-21,0.035601725683031424
1418,2020-12-22,0.036517707902374644
1419,2020-12-23,0.0360914410740753
1420,2020-12-24,0.03643459941382654
1421,2020-12-25,0.03595883125454019
1422,2020-12-28,0.03592045035218398
1423,2020-12-29,0.0361878147902223
1424,2020-12-30,0.03556544969715714
1425,2020-12-31,0.03469713302359789
1426,2021-01-04,0.034006607498104344
1427,2021-01-05,0.03339166507967026
1428,2021-01-06,0.03315996981633494
1429,2021-01-07,0.03280527000245198
1430,2021-01-08,0.032956680543813635
1431,2021-01-11,0.03360816915436471
1432,2021-01-12,0.03256817784601383
1433,2021-01-13,0.03280557454224012
1434,2021-01-14,0.03343403935657882
1435,2021-01-15,0.033566312366921466
1436,2021-01-18,0.03301789466314513
1437,2021-01-19,0.03352628362039389
1438,2021-01-20,0.03317324264314396
1439,2021-01-21,0.03246084962992048
1440,2021-01-22,0.032546105537228545
1441,2021-01-25,0.03236038244080536
1442,2021-01-26,0.0332259521819724
1443,2021-01-27,0.03317767658686052
1444,2021-01-28,0.034409910557457124
1445,2021-01-29,0.03474324293477701
1446,2021-02-01,0.034327544108381694
1447,2021-02-02,0.033741943543637104
1448,2021-02-03,0.03402358139387229
1449,2021-02-04,0.03450580646398624
1450,2021-02-05,0.03468757147416805
1451,2021-02-08,0.034062976713349166
1452,2021-02-09,0.03302550374807153
1453,2021-02-10,0.03220504930398349
1454,2021-02-18,0.03213869323656461
1455,2021-02-19,0.03173607016447208
1456,2021-02-22,0.03264177494861141
1457,2021-02-23,0.03281136229979563
1458,2021-02-24,0.033849979403407365
1459,2021-02-25,0.03373714055988787
1460,2021-02-26,0.03480317668610712
1461,2021-03-01,0.034054299085838735
1462,2021-03-02,0.03457105743124135
1463,2021-03-03,0.033709683806202165
1464,2021-03-04,0.034957758254131124
1465,2021-03-05,0.03495363229261987
1466,2021-03-08,0.03641409674679762
1467,2021-03-09,0.03760615721826158
1468,2021-03-10,0.03757645666952973
1469,2021-03-11,0.036367396124624016
1470,2021-03-12,0.03616782923133628
1471,2021-03-15,0.03696090837493017
1472,2021-03-16,0.03656408736684619
1473,2021-03-17,0.03636967752990393
1474,2021-03-18,0.03599948415618194
1475,2021-03-19,0.03701206103196705
1476,2021-03-22,0.03639508281339174
1477,2021-03-23,0.03689828105423215
1478,2021-03-24,0.037614786123585764
1479,2021-03-25,0.03771699574571033
1480,2021-03-26,0.036743425275418795
1481,2021-03-29,0.036899801952144845
1482,2021-03-30,0.036655945307414506
1483,2021-03-31,0.03732599977967138
1484,2021-04-01,0.03683457693810284
1485,2021-04-02,0.03645266832434238
1486,2021-04-06,0.036494235150690085
1487,2021-04-07,0.03668696199181512
1488,2021-04-08,0.03667622120949665
1489,2021-04-09,0.037206657621374234
1490,2021-04-12,0.03801835843070932
1491,2021-04-13,0.03824963385436096
1492,2021-04-14,0.037799814946366736
1493,2021-04-15,0.03829248849976426
1494,2021-04-16,0.0379786923569337
1495,2021-04-19,0.03705239729466314
1496,2021-04-20,0.03718340577669775
1497,2021-04-21,0.03719494472030098
1498,2021-04-22,0.03730507113197601
1499,2021-04-23,0.03730444527661944
1500,2021-04-26,0.038017687634476646
1501,2021-04-27,0.03849163828649242
1502,2021-04-28,0.038586344167491626
1503,2021-04-29,0.03996748698869282
1504,2021-04-30,0.042390005632063105
1505,2021-05-06,0.042638812917643404
1506,2021-05-07,0.043218445960909554
1507,2021-05-10,0.04303362609271412
1508,2021-05-11,0.04279904233632134
1509,2021-05-12,0.04236863739085567
1510,2021-05-13,0.04290672287905216
1511,2021-05-14,0.04187193500070234
1512,2021-05-17,0.0414041259187725
1513,2021-05-18,0.041164389217370576
1514,2021-05-19,0.041309269826016654
1515,2021-05-20,0.04130280141996377
1516,2021-05-21,0.04163671946745237
1517,2021-05-24,0.04132914918813581
1518,2021-05-25,0.04003910147072019
1519,2021-05-26,0.0399687071900256
1520,2021-05-27,0.03968372780284282
1521,2021-05-28,0.03974903599817281
1522,2021-05-31,0.03940214338970423
1523,2021-06-01,0.03924047529505813
1524,2021-06-02,0.039717194793945476
1525,2021-06-03,0.039913288471646796
1526,2021-06-04,0.03966666793465021
1527,2021-06-07,0.0395464764322216
1528,2021-06-08,0.039992567039514024
1529,2021-06-09,0.039807358377441926
1530,2021-06-10,0.039455757117467335
1531,2021-06-11,0.0395170055296207
1532,2021-06-15,0.04000209803654779
1533,2021-06-16,0.040873192190431964
1534,2021-06-17,0.04055376866135782
1535,2021-06-18,0.04041341947789992
1536,2021-06-21,0.04020946157951663
1537,2021-06-22,0.03980438700030317
1538,2021-06-23,0.039613719484099114
1539,2021-06-24,0.03962776604812748
1540,2021-06-25,0.03895143125367877
1541,2021-06-28,0.03875138810282859
1542,2021-06-29,0.0392459814829262
1543,2021-06-30,0.03883195844890987
1544,2021-07-01,0.0390282181563892
1545,2021-07-02,0.04014394593103354
1546,2021-07-05,0.03996518322086981
1547,2021-07-06,0.03998951973385266
1548,2021-07-07,0.03940009648004107
1549,2021-07-08,0.039788629662793645
1550,2021-07-09,0.03980615574170289
1551,2021-07-12,0.039139634386537295
1552,2021-07-13,0.03888517161675256
1553,2021-07-14,0.03942967245226567
1554,2021-07-15,0.038956114438193454
1555,2021-07-16,0.03938821256767022
1556,2021-07-19,0.03940091435495777
1557,2021-07-20,0.039375793749118815
1558,2021-07-21,0.038824051556181835
1559,2021-07-22,0.03859018601309665
1560,2021-07-23,0.0391348652229527
1561,2021-07-26,0.04050873407083491
1562,2021-07-27,0.04222719594526071
1563,2021-07-28,0.04255584648682895
1564,2021-07-29,0.041378130776145786
1565,2021-07-30,0.04160569418760754
1566,2021-08-02,0.04046823912334824
1567,2021-08-03,0.040751558329113105
1568,2021-08-04,0.04005006410229371
1569,2021-08-05,0.040359777134837585
1570,2021-08-06,0.04045243189709759
1571,2021-08-09,0.03993189946218888
1572,2021-08-10,0.0393563312135525
1573,2021-08-11,0.03930724036261701
1574,2021-08-12,0.03946704838491617
1575,2021-08-13,0.03965099084965207
1576,2021-08-16,0.0399884088583321
1577,2021-08-17,0.041302740970134574
1578,2021-08-18,0.04088695859017037
1579,2021-08-19,0.04100420368862648
1580,2021-08-20,0.04183985933828306
1581,2021-08-23,0.04093472693375279
1582,2021-08-24,0.04053371432745255
1583,2021-08-25,0.04031561760356096
1584,2021-08-26,0.04125266070822042
1585,2021-08-27,0.04169364451256695
1586,2021-08-30,0.04272921165435191
1587,2021-08-31,0.04346982764346509
1588,2021-09-01,0.043312416060485706
1589,2021-09-02,0.04288019681184539
1590,2021-09-03,0.04316087601886226
1591,2021-09-06,0.04224843100806561
1592,2021-09-07,0.04143345653560107
1593,2021-09-08,0.041420455369375636
1594,2021-09-09,0.041199368688493276
1595,2021-09-10,0.04098352631302929
1596,2021-09-13,0.040846016302469826
1597,2021-09-14,0.041442935955106786
1598,2021-09-15,0.04156677197906483
1599,2021-09-16,0.04251083255429276
1600,2021-09-17,0.042349329349585685
1601,2021-09-22,0.04221733858038368
1602,2021-09-23,0.04198377221079812
1603,2021-09-24,0.04244015279789613
1604,2021-09-27,0.04290360545248506
1605,2021-09-28,0.042758125606556674
1606,2021-09-29,0.043962474542418015
1607,2021-09-30,0.04316102312115547
1608,2021-10-08,0.042728543574606065
1609,2021-10-11,0.04279909133993853
1610,2021-10-12,0.04364793536991486
1611,2021-10-13,0.04321041134985845
1612,2021-10-14,0.04323783417729887
1613,2021-10-15,0.04302836145243061
1614,2021-10-18,0.0429750550090362
1615,2021-10-19,0.04240988792749692
1616,2021-10-20,0.04250531978032751
1617,2021-10-21,0.04250556622516441
1618,2021-10-22,0.04266255864049455
1619,2021-10-25,0.042409754445039555
1620,2021-10-26,0.042684190590052795
1621,2021-10-27,0.04339804271328572
1622,2021-10-28,0.044452441879677396
1623,2021-10-29,0.043516250137325144
1624,2021-11-01,0.04408376827985125
1625,2021-11-02,0.044702890225781014
1626,2021-11-03,0.044784464347071715
1627,2021-11-04,0.044180222208310874
1628,2021-11-05,0.04472305990276132
1629,2021-11-08,0.04455887074814817
1630,2021-11-09,0.04429506898564246
1631,2021-11-10,0.04453051031259378
1632,2021-11-11,0.04382542251527238
1633,2021-11-12,0.04371218610740581
1634,2021-11-15,0.0438764423302494
1635,2021-11-16,0.04416772336240288
1636,2021-11-17,0.04376372206056714
1637,2021-11-18,0.04408531314858495
1638,2021-11-19,0.04338538341450916
1639,2021-11-22,0.04282073191009493
1640,2021-11-23,0.042804838208320276
1641,2021-11-24,0.042741284463023
1642,2021-11-25,0.04291986565692349
1643,2021-11-26,0.043145969755181146
1644,2021-11-29,0.043029842674844915
1645,2021-11-30,0.043026567176452285
1646,2021-12-01,0.042852422705581344
1647,2021-12-02,0.042940524131715146
1648,2021-12-03,0.042430928252002204
1649,2021-12-06,0.042841266817582255
1650,2021-12-07,0.04295557917422267
1651,2021-12-08,0.042167353434839766
1652,2021-12-09,0.041612681499021476
1653,2021-12-10,0.041662437774576414
1654,2021-12-13,0.041382625983858515
1655,2021-12-14,0.04162848836149907
1656,2021-12-15,0.04189762309967779
1657,2021-12-16,0.04148417716368066
1658,2021-12-17,0.04224071107103709
1659,2021-12-20,0.043021815498853366
1660,2021-12-21,0.04249760041735422
1661,2021-12-22,0.04234820442119791
1662,2021-12-23,0.042021858922229635
1663,2021-12-24,0.04251877808715529
1664,2021-12-27,0.04250552168015587
1665,2021-12-28,0.04214579292820478
1666,2021-12-29,0.042725899550721216
1667,2021-12-30,0.04229034731595553
1668,2021-12-31,0.04198092542621604
1669,2022-01-04,0.04212431308320064
1670,2022-01-05,0.04289960202709363
1671,2022-01-06,0.043052915813493714
1672,2022-01-07,0.04332721486388576
1673,2022-01-10,0.04304397844561293
1674,2022-01-11,0.04360319356746814
1675,2022-01-12,0.04302240274116406
1676,2022-01-13,0.043875500241416815
1677,2022-01-14,0.044245481513311216
1678,2022-01-17,0.04374506009919793
1679,2022-01-18,0.04348068745925304
1680,2022-01-19,0.0438322375461668
1681,2022-01-20,0.043981386108331036
1682,2022-01-21,0.04462945469785286
1683,2022-01-24,0.044597186763860666
1684,2022-01-25,0.04634818433000985
1685,2022-01-26,0.045890278757507924
1686,2022-01-27,0.04724600546625575
1687,2022-01-28,0.04769809643358727
1688,2022-02-07,0.046521403815294154
1689,2022-02-08,0.0464044143146885
1690,2022-02-09,0.045685845042645196
1691,2022-02-10,0.04579004762649645
1692,2022-02-11,0.04641514468327759
1693,2022-02-14,0.04694601013858421
1694,2022-02-15,0.04634694660289625
1695,2022-02-16,0.04602759219342578
1696,2022-02-17,0.045922200178268355
1697,2022-02-18,0.04558023227283711
1698,2022-02-21,0.045494542342987165
1699,2022-02-22,0.04615345933027397
1700,2022-02-23,0.04540581246612724
1701,2022-02-24,0.046574684712960626
1702,2022-02-25,0.04608947224257155
1703,2022-02-28,0.04582432310830667
1704,2022-03-01,0.045465722154805085
1705,2022-03-02,0.04573845398280979
1706,2022-03-03,0.046010498009754125
1707,2022-03-04,0.046775729717404124
1708,2022-03-07,0.0484154778992376
1709,2022-03-08,0.05006430127220686
1710,2022-03-09,0.05084724549054562
1711,2022-03-10,0.049793042953490116
1712,2022-03-11,0.04972159659439575
1713,2022-03-14,0.05163559064514689
1714,2022-03-15,0.05513333666422798
1715,2022-03-16,0.05266258127265401
1716,2022-03-17,0.0514901126305847
1717,2022-03-18,0.05070805144728077
1718,2022-03-21,0.05049444819895059
1719,2022-03-22,0.050496788072375495
1720,2022-03-23,0.05023029314849149
1721,2022-03-24,0.05070632614761411
1722,2022-03-25,0.05150296639910622
1723,2022-03-28,0.0517188127307046
1724,2022-03-29,0.0519218298345733
1725,2022-03-30,0.050515363301651545
1726,2022-03-31,0.05061245790322255
1727,2022-04-01,0.05018083354340222
1728,2022-04-06,0.05016687749911476
1729,2022-04-07,0.05121815078601612
1730,2022-04-08,0.05102121522782753
1731,2022-04-11,0.053016460431341075
1732,2022-04-12,0.051895597358790194
1733,2022-04-13,0.052563121303225824
1734,2022-04-14,0.05171579043155443
1735,2022-04-15,0.05225828607851099
1736,2022-04-18,0.052331270415179584
1737,2022-04-19,0.052372741581959356
1738,2022-04-20,0.053307327909109484
1739,2022-04-21,0.05511626789249517
1740,2022-04-22,0.05514919597098426
1741,2022-04-25,0.059284451800725405
1742,2022-04-26,0.0604410834273854
1743,2022-04-27,0.058408753811330316
1744,2022-04-28,0.058442851558412126
1745,2022-04-29,0.05611313922043923
1746,2022-05-05,0.05626433692056948
1747,2022-05-06,0.05778786284218701
1748,2022-05-09,0.05772040936038206
1749,2022-05-10,0.05688217501299023
1750,2022-05-11,0.05616497257222999
1751,2022-05-12,0.05621474939869571
1752,2022-05-13,0.05559817774180073
1753,2022-05-16,0.055865463491070216
1754,2022-05-17,0.05527755582462436
1755,2022-05-18,0.05542667185618476
1756,2022-05-19,0.05513344505028127
1757,2022-05-20,0.05396363947613281
1758,2022-05-23,0.05387380246417518
1759,2022-05-24,0.055866426602429145
1760,2022-05-25,0.05515744967611562
1761,2022-05-26,0.0547684332319132
1762,2022-05-27,0.05461263554713158
1763,2022-05-30,0.05408472678963211
1764,2022-05-31,0.053166884025323075
1765,2022-06-01,0.05320335942840229
1766,2022-06-02,0.05289149572040766
1767,2022-06-06,0.05180910312358855
1768,2022-06-07,0.051607184279107224
1769,2022-06-08,0.05114987346861019
1770,2022-06-09,0.05189189304439287
1771,2022-06-10,0.050794274749461035
1772,2022-06-13,0.05120795175412711
1773,2022-06-14,0.05071703236592802
1774,2022-06-15,0.05030872216017211
1775,2022-06-16,0.05057623784410781
1776,2022-06-17,0.049868396848708293
1777,2022-06-20,0.049623768698240284
1778,2022-06-21,0.04985212987147822
1779,2022-06-22,0.0507151293112464
1780,2022-06-23,0.049494156741155454
1781,2022-06-24,0.04881869602242399
1782,2022-06-27,0.04817971326705603
1783,2022-06-28,0.04750985677079686
1784,2022-06-29,0.04857679746779932
1785,2022-06-30,0.04778757767448101
1786,2022-07-01,0.047909838703981106
1787,2022-07-04,0.04747781278768924
1788,2022-07-05,0.04757636416935887
1789,2022-07-06,0.04850787106790312
1790,2022-07-07,0.04820851591198741
1791,2022-07-08,0.04842239326741525
1792,2022-07-11,0.04938326186766011
1793,2022-07-12,0.050079888300968364
1794,2022-07-13,0.049867996010818316
1795,2022-07-14,0.04973622131090301
1796,2022-07-15,0.05080371580322063
1797,2022-07-18,0.049849893733816764
1798,2022-07-19,0.04982183211585091
1799,2022-07-20,0.04931745819022325
1800,2022-07-21,0.049976283051140324
1801,2022-07-22,0.04999700104050395
1802,2022-07-25,0.05043072857800569
1803,2022-07-26,0.04983950136735253
1804,2022-07-27,0.04988903553842325
1805,2022-07-28,0.04972945397568804
1806,2022-07-29,0.050376815760537305
1807,2022-08-01,0.05003509436822348
1808,2022-08-02,0.05169906013549799
1809,2022-08-03,0.05227861642759306
1810,2022-08-04,0.05168740575337784
1811,2022-08-05,0.05080855055945098
1812,2022-08-08,0.05047490085390617
1813,2022-08-09,0.05028497290085024
1814,2022-08-10,0.05066293209801384
1815,2022-08-11,0.04955047050280194
1816,2022-08-12,0.04968468799898501
1817,2022-08-15,0.04963062906014412
1818,2022-08-16,0.049562606620890334
1819,2022-08-17,0.04921413142344741
1820,2022-08-18,0.04957985996456295
1821,2022-08-19,0.05015145811509851
1822,2022-08-22,0.04969700586160303
1823,2022-08-23,0.04985180103675024
1824,2022-08-24,0.0514864351785404
1825,2022-08-25,0.05120165198623593
1826,2022-08-26,0.051711992631557346
1827,2022-08-29,0.05199279431759861
1828,2022-08-30,0.05237541868562712
1829,2022-08-31,0.05346645024596869
1830,2022-09-01,0.05388081631654293
1831,2022-09-02,0.053842203229663654
1832,2022-09-05,0.0536897549244494
1833,2022-09-06,0.05280077816915889
1834,2022-09-07,0.052672768983490326
1835,2022-09-08,0.0530263639979239
1836,2022-09-09,0.052401808609674055
1837,2022-09-13,0.052287186564552876
1838,2022-09-14,0.05294009655980826
1839,2022-09-15,0.053986403980913075
1840,2022-09-16,0.05564327826714632
1841,2022-09-19,0.05594663758967103
1842,2022-09-20,0.05559910622527402
1843,2022-09-21,0.055799015040778444
1844,2022-09-22,0.056080536084213775
1845,2022-09-23,0.05666676723641893
1846,2022-09-26,0.05737601418026847
1847,2022-09-27,0.05623010491970422
1848,2022-09-28,0.057610869530611064
1849,2022-09-29,0.05758031021769655
1850,2022-09-30,0.05812123151169263
1851,2022-10-10,0.05957011990255033
1852,2022-10-11,0.05934018098450315
1853,2022-10-12,0.05801909499467395
1854,2022-10-13,0.05824416170624634
1855,2022-10-14,0.05666956256525166
1856,2022-10-17,0.05641878310588934
1857,2022-10-18,0.056464776200616226
1858,2022-10-19,0.05739904433809789
1859,2022-10-20,0.05776137057884506
1860,2022-10-21,0.05799443896283289
1861,2022-10-24,0.05959833172353765
1862,2022-10-25,0.059630702346201436
1863,2022-10-26,0.058634735788564346
1864,2022-10-27,0.059019340448450586
1865,2022-10-28,0.06139942867151979
1866,2022-10-31,0.06134483901838628
1867,2022-11-01,0.05924091216540363
1868,2022-11-02,0.05838355527183703
1869,2022-11-03,0.05851736815501571
1870,2022-11-04,0.05661115622647553
1871,2022-11-07,0.056375567186097014
1872,2022-11-08,0.056693460655583394
1873,2022-11-09,0.0571061061261566
1874,2022-11-10,0.05759983714780781
1875,2022-11-11,0.056311250945043384
1876,2022-11-14,0.05635473453294029
1877,2022-11-15,0.055038028019946436
1878,2022-11-16,0.055480904018859564
1879,2022-11-17,0.05558773721838138
1880,2022-11-18,0.055853511694625504
1881,2022-11-21,0.05603647620846147
1882,2022-11-22,0.05625807426839197
1883,2022-11-23,0.05620825215024658
1884,2022-11-24,0.056288366130720954
1885,2022-11-25,0.05626669593510575
1886,2022-11-28,0.05688806686404625
1887,2022-11-29,0.05516067054158026
1888,2022-11-30,0.055106437664931604
1889,2022-12-01,0.054490766205751995
1890,2022-12-02,0.05468960892425613
1891,2022-12-05,0.053649763573249465
1892,2022-12-06,0.05349526160692354
1893,2022-12-07,0.05366225806552205
1894,2022-12-08,0.053747347950630825
1895,2022-12-09,0.05337192635298957
1896,2022-12-12,0.053955902428989844
1897,2022-12-13,0.05418805759562746
1898,2022-12-14,0.05418459864852905
1899,2022-12-15,0.05420306931603211
1900,2022-12-16,0.05435235430437377
1901,2022-12-19,0.05565623203570816
1902,2022-12-20,0.05650234430382016
1903,2022-12-21,0.05667725506636474
1904,2022-12-22,0.057032185367011184
1905,2022-12-23,0.05720397026608945
1906,2022-12-26,0.05663116416970708
1907,2022-12-27,0.055887342222117956
1908,2022-12-28,0.0561816314668796
1909,2022-12-29,0.056472261638957966
1910,2022-12-30,0.05618083448313323
1911,2023-01-03,0.055469112153829964
1912,2023-01-04,0.05533571655820589
1913,2023-01-05,0.05438190162458323
1914,2023-01-06,0.054108749191014244
1915,2023-01-09,0.05367578044484328
1916,2023-01-10,0.05367534693073234
1917,2023-01-11,0.05387285655552006
1918,2023-01-12,0.05382240663322309
1919,2023-01-13,0.053103407663005156
1920,2023-01-16,0.05224892144070388
1921,2023-01-17,0.05235380099533557
1922,2023-01-18,0.05232739057003885
1923,2023-01-19,0.051888675853623695
1924,2023-01-20,0.05141037220702169
1925,2023-01-30,0.05104114039557754
1926,2023-01-31,0.05131208622953751
1927,2023-02-01,0.050597406209079654
1928,2023-02-02,0.050659815234937
1929,2023-02-03,0.05107839826155064
1930,2023-02-06,0.051616000333835496
1931,2023-02-07,0.051402165449304454
1932,2023-02-08,0.05172561300198879
1933,2023-02-09,0.050799746373943314
1934,2023-02-10,0.051046417106366176
1935,2023-02-13,0.05044470019849985
1936,2023-02-14,0.050307953692349
1937,2023-02-15,0.05050949427817254
1938,2023-02-16,0.051299436386293834
1939,2023-02-17,0.05193892996170571
1940,2023-02-20,0.05052386018544602
1941,2023-02-21,0.05026895304899935
1942,2023-02-22,0.05055847533997976
1943,2023-02-23,0.050635548278066295
1944,2023-02-24,0.05108526839122532
1945,2023-02-27,0.05126504294664372
1946,2023-02-28,0.05075342863836951
1947,2023-03-01,0.05006286170234539
1948,2023-03-02,0.050195608131737915
1949,2023-03-03,0.049978535304135194
1950,2023-03-06,0.050073450454222776
1951,2023-03-07,0.051031531667781835
1952,2023-03-08,0.051109290261273296
1953,2023-03-09,0.051206311528118595
1954,2023-03-10,0.05219357720477698
1955,2023-03-13,0.05164489715124028
1956,2023-03-14,0.05224248121252806
1957,2023-03-15,0.05192209040104365
1958,2023-03-16,0.05265176062163035
1959,2023-03-17,0.05225704143941555
1960,2023-03-20,0.05245088781409725
1961,2023-03-21,0.0517537915928102
1962,2023-03-22,0.051454795429913394
1963,2023-03-23,0.050975523948693424
1964,2023-03-24,0.05117614593077169
1965,2023-03-27,0.05139348020001859
1966,2023-03-28,0.05153857722370833
1967,2023-03-29,0.051580152648229224
1968,2023-03-30,0.05116238626232614
1969,2023-03-31,0.05026404892841253
1970,2023-04-03,0.0495696930849696
1971,2023-04-04,0.049390648438434784
1972,2023-04-06,0.04936937575136885
1973,2023-04-07,0.049027901483843186
1974,2023-04-10,0.04933200789622075
1975,2023-04-11,0.0493543617002902
1976,2023-04-12,0.04914066286990587
1977,2023-04-13,0.049472370019667145
1978,2023-04-14,0.049065530770296226
1979,2023-04-17,0.048289144215690694
1980,2023-04-18,0.04791501077304859
1981,2023-04-19,0.04831151557840317
1982,2023-04-20,0.0483260533599755
1983,2023-04-21,0.04968737758048376
1984,2023-04-24,0.050252002681717506
1985,2023-04-25,0.05087199389789429
1986,2023-04-26,0.050825046150370104
1987,2023-04-27,0.05078802788661374
1988,2023-04-28,0.050273827777277375
1989,2023-05-04,0.049284081140125266
1990,2023-05-05,0.0496453660187519
1991,2023-05-08,0.04868065188672102
1992,2023-05-09,0.04937455419939006
1993,2023-05-10,0.04985718269697183
1994,2023-05-11,0.04997516758101783
1995,2023-05-12,0.05071030962450343
1996,2023-05-15,0.04987055675360723
1997,2023-05-16,0.05027558602844266
1998,2023-05-17,0.05031018960998858
1999,2023-05-18,0.05010316121059763
2000,2023-05-19,0.05025984377860314
2001,2023-05-22,0.04999976206838591
2002,2023-05-23,0.05090958911783998
2003,2023-05-24,0.05163086893065792
2004,2023-05-25,0.051730804494762875
2005,2023-05-26,0.05151568993665254
2006,2023-05-29,0.05150636885184698
2007,2023-05-30,0.05139349002375111
2008,2023-05-31,0.051890313780410674
2009,2023-06-01,0.05178513614451673
2010,2023-06-02,0.05110725324723252
2011,2023-06-05,0.05112621641902751
2012,2023-06-06,0.051971820746263386
2013,2023-06-07,0.052045750919130704
2014,2023-06-08,0.051779289448949065
2015,2023-06-09,0.05143021164495293
2016,2023-06-12,0.051699013170190586
2017,2023-06-13,0.051468897016577864
2018,2023-06-14,0.051455211819242716
2019,2023-06-15,0.05076407989560908
2020,2023-06-16,0.05023840914421841
2021,2023-06-19,0.05055149017251294
2022,2023-06-20,0.05075274922622215
2023,2023-06-21,0.05175353706031326
2024,2023-06-26,0.052840442002385066
2025,2023-06-27,0.05197267090665615
2026,2023-06-28,0.052051141616407906
2027,2023-06-29,0.05208621309527808
2028,2023-06-30,0.05156732158038853
2029,2023-07-03,0.05102975679997647
2030,2023-07-04,0.05094998747248618
2031,2023-07-05,0.0514481757023484
2032,2023-07-06,0.05185987004783928
2033,2023-07-07,0.0521539980626297
2034,2023-07-10,0.05195167302756819
2035,2023-07-11,0.051516509728817675
2036,2023-07-12,0.0520689588560891
2037,2023-07-13,0.051118645400645105
2038,2023-07-14,0.05111410668825461
2039,2023-07-17,0.051642800438989125
2040,2023-07-18,0.05188611439184149
2041,2023-07-19,0.051930853030386984
2042,2023-07-20,0.05258150039300408
2043,2023-07-21,0.052652212920745886
2044,2023-07-24,0.0528026228593957
2045,2023-07-25,0.05123637338192523
2046,2023-07-26,0.05146309773362136
2047,2023-07-27,0.051623826146015475
2048,2023-07-28,0.05047595347717643
2049,2023-07-31,0.05007871218891234
2050,2023-08-01,0.050189162544879554
2051,2023-08-02,0.050671865911768046
2052,2023-08-03,0.05040391075635277
2053,2023-08-04,0.05015196168241
2054,2023-08-07,0.050617773549453265
2055,2023-08-08,0.05078788221414936
2056,2023-08-09,0.05113182139767898
2057,2023-08-10,0.05097218519869695
2058,2023-08-11,0.052361773645390644
2059,2023-08-14,0.05255127905861988
2060,2023-08-15,0.05276745552820092
2061,2023-08-16,0.05333226711871018
2062,2023-08-17,0.05295213685776326
2063,2023-08-18,0.053785948172736284
2064,2023-08-21,0.05458872029606621
2065,2023-08-22,0.05384166124833721
2066,2023-08-23,0.054922463477071456
2067,2023-08-24,0.054553297092438655
2068,2023-08-25,0.05511380314138466
2069,2023-08-28,0.05399437486090081
2070,2023-08-29,0.052992697003293676
2071,2023-08-30,0.052372867287405034
2072,2023-08-31,0.05244030048912075
2073,2023-09-01,0.05210124052652795
2074,2023-09-04,0.05112483076245074
2075,2023-09-05,0.05158677535283018
2076,2023-09-06,0.05154581945341383
2077,2023-09-07,0.05244838134652251
2078,2023-09-08,0.05259707112861005
2079,2023-09-11,0.0519986281817536
2080,2023-09-12,0.052111080851936525
2081,2023-09-13,0.05254024086841469
2082,2023-09-14,0.0525940910048044
2083,2023-09-15,0.05286422795683257
2084,2023-09-18,0.05259520677217565
2085,2023-09-19,0.05276236991057401
2086,2023-09-20,0.053099914265515344
2087,2023-09-21,0.05363464094364215
2088,2023-09-22,0.05247794322548928
2089,2023-09-25,0.05281356938829135
2090,2023-09-26,0.05316286138349882
2091,2023-09-27,0.052997234346500416
2092,2023-09-28,0.05289883281751774
2093,2023-10-09,0.05308809659122947
2094,2023-10-10,0.05356373454545277
2095,2023-10-11,0.05345617098143446
2096,2023-10-12,0.0528312749705101
2097,2023-10-13,0.05335803406931061
2098,2023-10-16,0.053868595500439945
2099,2023-10-17,0.05368557105921398
2100,2023-10-18,0.05446101249852228
2101,2023-10-19,0.055746068604635254
2102,2023-10-20,0.05632284723852228
2103,2023-10-23,0.05746579213188238
2104,2023-10-24,0.05683341288391447
2105,2023-10-25,0.05667772452860173
2106,2023-10-26,0.0561184199535196
2107,2023-10-27,0.055005854713193525
2108,2023-10-30,0.054310984809092466
2109,2023-10-31,0.05423701802911353
2110,2023-11-01,0.05417893811592067
2111,2023-11-02,0.05458723629835775
2112,2023-11-03,0.05401879587826473
2113,2023-11-06,0.053187422355270686
2114,2023-11-07,0.05321096070170982
2115,2023-11-08,0.0532840213885592
2116,2023-11-09,0.05329448346807725
2117,2023-11-10,0.053612800443682246
2118,2023-11-13,0.05341758443981347
2119,2023-11-14,0.05326674262485967
2120,2023-11-15,0.052813752960126775
2121,2023-11-16,0.053371032388874806
2122,2023-11-17,0.053247980318191654
2123,2023-11-20,0.05291115695397873
2124,2023-11-21,0.052950217144409825
2125,2023-11-22,0.05360649716866511
2126,2023-11-23,0.053145094547856486
2127,2023-11-24,0.05363775326213234
2128,2023-11-27,0.053886125025092685
2129,2023-11-28,0.05366127665679406
2130,2023-11-29,0.05411893497333756
2131,2023-11-30,0.05400067293480046
2132,2023-12-01,0.05396596722817651
2133,2023-12-04,0.054193892610118186
2134,2023-12-05,0.05542212299433963
2135,2023-12-06,0.05538618653076839
2136,2023-12-07,0.055493042379596666
2137,2023-12-08,0.05542899232496061
2138,2023-12-11,0.05487614539862745
2139,2023-12-12,0.05463887737527877
2140,2023-12-13,0.05549491160346884
2141,2023-12-14,0.05578871110695112
2142,2023-12-15,0.05613691232193729
2143,2023-12-18,0.05653443429379497
2144,2023-12-19,0.05650481586537352
2145,2023-12-20,0.057263884445963725
2146,2023-12-21,0.056748846127029046
2147,2023-12-22,0.05689806680127252
2148,2023-12-25,0.056739808228625496
2149,2023-12-26,0.05730118194730564
2150,2023-12-27,0.05690523272291212
2151,2023-12-28,0.055660469274983956
2152,2023-12-29,0.05510672755736819
2153,2024-01-02,0.05547132310510827
2154,2024-01-03,0.05550354108183202
2155,2024-01-04,0.05592222221029064
2156,2024-01-05,0.05659166155497457
2157,2024-01-08,0.057757487806474606
2158,2024-01-09,0.05758384677135395
2159,2024-01-10,0.05799678922188803
2160,2024-01-11,0.05752125756226861
2161,2024-01-12,0.057722602522861974
2162,2024-01-15,0.05776102706915483
2163,2024-01-16,0.05754822436369675
2164,2024-01-17,0.05919439280045345
2165,2024-01-18,0.05884129490677194
2166,2024-01-19,0.059243875209590194
2167,2024-01-22,0.06156971131110357
2168,2024-01-23,0.06105531654145424
2169,2024-01-24,0.05981052399085349
2170,2024-01-25,0.05775598545162987
2171,2024-01-26,0.05781922155728006
2172,2024-01-29,0.0587031889493413
2173,2024-01-30,0.06025629471618099
2174,2024-01-31,0.061530691706383964
2175,2024-02-01,0.06190336568962955
2176,2024-02-02,0.06329420672243698
2177,2024-02-05,0.06437366896369892
2178,2024-02-06,0.06133377244040926
2179,2024-02-07,0.06010441402879521
2180,2024-02-08,0.05898125728028844
2181,2024-02-19,0.0578801222092835
2182,2024-02-20,0.05757225049765835
2183,2024-02-21,0.05686502788430424
2184,2024-02-22,0.05603338450180011
2185,2024-02-23,0.05566822687450314
2186,2024-02-26,0.056102856464318784
2187,2024-02-27,0.05515228402969033
2188,2024-02-28,0.056702996582530835
2189,2024-02-29,0.05511514992551965
2190,2024-03-01,0.05468231686550243
2191,2024-03-04,0.054367521792823045
2192,2024-03-05,0.054265153757222045
2193,2024-03-06,0.0544022372130592
2194,2024-03-07,0.05482201925336369
2195,2024-03-08,0.05429835825782968
2196,2024-03-11,0.053538940560393405
2197,2024-03-12,0.05360469131933955
2198,2024-03-13,0.05390315269172709
2199,2024-03-14,0.05405235031108664
2200,2024-03-15,0.05359177004136115
2201,2024-03-18,0.052844905100653525
2202,2024-03-19,0.05327766221028028
2203,2024-03-20,0.05288475594528583
2204,2024-03-21,0.05294463190915062
2205,2024-03-22,0.0534952276223572
2206,2024-03-25,0.0541109139587741
2207,2024-03-26,0.05391208409372997
2208,2024-03-27,0.05505980294014562
2209,2024-03-28,0.0544458286204999
2210,2024-03-29,0.053495536970088686
2211,2024-04-01,0.05232133308035142
2212,2024-04-02,0.052376928488176974
2213,2024-04-03,0.052619296590576445
2214,2024-04-08,0.053284691371946705
2215,2024-04-09,0.053100003867763604
2216,2024-04-10,0.053801543914566374
2217,2024-04-11,0.05363346853996523
2218,2024-04-12,0.053998725561202734
2219,2024-04-15,0.053026614909762584
2220,2024-04-16,0.0544205828512508
2221,2024-04-17,0.05275293061468089
2222,2024-04-18,0.05268918760271643
2223,2024-04-19,0.05296295441050651
2224,2024-04-22,0.053193154851054136
2225,2024-04-23,0.05359828664591444
2226,2024-04-24,0.05300426910133613
2227,2024-04-25,0.05289386330630941
2228,2024-04-26,0.0516539732882816
2229,2024-04-29,0.05073189730546088
2230,2024-04-30,0.05048285617694877
2231,2024-05-06,0.04950348448512566
2232,2024-05-07,0.04937802494394654
2233,2024-05-08,0.049942208950948336
2234,2024-05-09,0.04930382913641558
2235,2024-05-10,0.04939438600803418
2236,2024-05-13,0.04957683413455283
2237,2024-05-14,0.049585925582218776
2238,2024-05-15,0.05011119120704764
2239,2024-05-16,0.05002711076888951
2240,2024-05-17,0.04937545757848345
2241,2024-05-20,0.049010730051250825
2242,2024-05-21,0.04933509052602446
2243,2024-05-22,0.04933638027941406
2244,2024-05-23,0.05025193179118022
2245,2024-05-24,0.05086780115866052
2246,2024-05-27,0.050116474048641
2247,2024-05-28,0.05056176297327096
2248,2024-05-29,0.05048374217707011
2249,2024-05-30,0.0509068759449563
2250,2024-05-31,0.05099339250009324
2251,2024-06-03,0.05115590550046813
2252,2024-06-04,0.05076823339192732
2253,2024-06-05,0.0513910167445433
2254,2024-06-06,0.0518185587702544
2255,2024-06-07,0.05186348275440236
2256,2024-06-11,0.05224368015581933
2257,2024-06-12,0.05201409358273071
2258,2024-06-13,0.052307256157499774
2259,2024-06-14,0.05214629256593524
2260,2024-06-17,0.052395076236995866
2261,2024-06-18,0.05208909586896793
2262,2024-06-19,0.05247655805598064
2263,2024-06-20,0.05307570827153468
2264,2024-06-21,0.05319915523217443
2265,2024-06-24,0.05410976548699643
2266,2024-06-25,0.054377810296319676
2267,2024-06-26,0.05367239078062168
2268,2024-06-27,0.05445243896595661
2269,2024-06-28,0.054030792272444755
2270,2024-07-01,0.05338138246109622
2271,2024-07-02,0.05349972545080153
2272,2024-07-03,0.05392347888066418
2273,2024-07-04,0.05454536224021177
2274,2024-07-05,0.05463581459687826
2275,2024-07-08,0.055450992362391385
2276,2024-07-09,0.05443584883756486
2277,2024-07-10,0.05483770665957741
2278,2024-07-11,0.05388605468174107
2279,2024-07-12,0.05384736201934118
2280,2024-07-15,0.05392756609706821
2281,2024-07-16,0.05382189278674719
2282,2024-07-17,0.05417152447764502
2283,2024-07-18,0.053853243761298464
2284,2024-07-19,0.05376644948481013
2285,2024-07-22,0.0541451792499795
2286,2024-07-23,0.05554158784307038
2287,2024-07-24,0.05602411012678546
2288,2024-07-25,0.05632149099281056
2289,2024-07-26,0.05592301540686237
2290,2024-07-29,0.0560861754418813
2291,2024-07-30,0.056459167620477674
2292,2024-07-31,0.05476386086680121
2293,2024-08-01,0.05505284525316875
2294,2024-08-02,0.055809016238217005
2295,2024-08-05,0.05702183350936535
2296,2024-08-06,0.056719855476353595
2297,2024-08-07,0.05665287506922623
2298,2024-08-08,0.05668841254797874
2299,2024-08-09,0.05700083315576494
2300,2024-08-12,0.05710415473083122
2301,2024-08-13,0.056864179121873956
2302,2024-08-14,0.05739380537331931
2303,2024-08-15,0.0567684306332933
2304,2024-08-16,0.056777558989691695
2305,2024-08-19,0.05655863330527017
2306,2024-08-20,0.05738417962488959
2307,2024-08-21,0.05763027870248519
2308,2024-08-22,0.05795225217204934
2309,2024-08-23,0.057957454537350434
2310,2024-08-26,0.05785782101362784
2311,2024-08-27,0.058327818123378575
2312,2024-08-28,0.05861684961587424
2313,2024-08-29,0.05878357493658588
2314,2024-08-30,0.05839659277772033
2315,2024-09-02,0.05922697767510325
2316,2024-09-03,0.05918969115415433
2317,2024-09-04,0.059687848077656896
2318,2024-09-05,0.05952628267993043
2319,2024-09-06,0.060311016732106565
2320,2024-09-09,0.061078971879532
2321,2024-09-10,0.06087206828238996
2322,2024-09-11,0.06136049370508628
2323,2024-09-12,0.06158019016392682
2324,2024-09-13,0.06206895935095311
2325,2024-09-18,0.06166206329626378
2326,2024-09-19,0.061002571162946995
2327,2024-09-20,0.06099936812709196
2328,2024-09-23,0.06068200770230554
2329,2024-09-24,0.057617775517224176
2330,2024-09-25,0.056770599399389526
2331,2024-09-26,0.054119572502959026
2332,2024-09-27,0.051553437591852574
2333,2024-09-30,0.0461194226108515
2334,2024-10-08,0.04277326852981131
2335,2024-10-09,0.047438760197363
2336,2024-10-10,0.04682238760718606
2337,2024-10-11,0.04866128582949403
2338,2024-10-14,0.04720891579376238
2339,2024-10-15,0.048824353892359146
2340,2024-10-16,0.04893126336775759
2341,2024-10-17,0.04954118467881967
2342,2024-10-18,0.04752169815833386
2343,2024-10-21,0.047284178566685514
2344,2024-10-22,0.04712680898288979
2345,2024-10-23,0.04688765544207897
2346,2024-10-24,0.04743444200921253
2347,2024-10-25,0.046946594910611705
2348,2024-10-28,0.046428809080456865
2349,2024-10-29,0.04694769030876933
2350,2024-10-30,0.04740658793633644
2351,2024-10-31,0.04842207539190882
2352,2024-11-01,0.048781062568049274
2353,2024-11-04,0.04784178105733927
2354,2024-11-05,0.04627442521405231
2355,2024-11-06,0.04637458315923418
2356,2024-11-07,0.04481883722264993
2357,2024-11-08,0.04517878403320712
2358,2024-11-11,0.04471590742232774
2359,2024-11-12,0.045408962976945175
2360,2024-11-13,0.0451528605159863
2361,2024-11-14,0.046364070523113865
2362,2024-11-15,0.047411287172177116
2363,2024-11-18,0.04781673296796868
2364,2024-11-19,0.04717757083406182
2365,2024-11-20,0.046720111356323146
2366,2024-11-21,0.04670688589749168
2367,2024-11-22,0.048783746149793444
2368,2024-11-25,0.04883914950653098
2369,2024-11-26,0.04904945587327006
2370,2024-11-27,0.04800164286651641
2371,2024-11-28,0.04837875511963062
2372,2024-11-29,0.047630377847767816
2373,2024-12-02,0.0468011056088818
2374,2024-12-03,0.04664252134068286
2375,2024-12-04,0.04702014663161126
2376,2024-12-05,0.04692574699974514
2377,2024-12-06,0.04621697385174306
2378,2024-12-09,0.046292506053526694
2379,2024-12-10,0.04586826262592361
2380,2024-12-11,0.04566303089704421
2381,2024-12-12,0.045074527342230206
2382,2024-12-13,0.04633328960342481
2383,2024-12-16,0.046585295429029436
2384,2024-12-17,0.047040159699915485
2385,2024-12-18,0.04670459906051698
2386,2024-12-19,0.046770903574902184
2387,2024-12-20,0.04678165865523343
2388,2024-12-23,0.04721573681596297
2389,2024-12-24,0.04638465020534069
2390,2024-12-25,0.046538661605690354
2391,2024-12-26,0.046338135022230165
2392,2024-12-27,0.04627452915080428
2393,2024-12-30,0.04617001272501292
2394,2024-12-31,0.047324049162994486
2395,2025-01-02,0.04909278103770409
2396,2025-01-03,0.05018742617228991
2397,2025-01-06,0.050287210063022156
2398,2025-01-07,0.049758774394351515
2399,2025-01-08,0.049831585054019564
2400,2025-01-09,0.050050220020975075
2401,2025-01-10,0.051046535778878716
2402,2025-01-13,0.05119550751110774
2403,2025-01-14,0.04922228222387093
2404,2025-01-15,0.049632252947953384
2405,2025-01-16,0.049403550221829545
2406,2025-01-17,0.04921154940251145
2407,2025-01-20,0.04896952979329189
2408,2025-01-21,0.04888640527660329
2409,2025-01-22,0.04949835426473427
2410,2025-01-23,0.04930435738508274
2411,2025-01-24,0.0487723730375311
2412,2025-01-27,0.04903445180810369
2413,2025-02-05,0.04940703341572483
2414,2025-02-06,0.0484420175477423
2415,2025-02-07,0.047704744123065454
2416,2025-02-10,0.047415547622826903
2417,2025-02-11,0.04751507068040539
2418,2025-02-12,0.04690190396071327
2419,2025-02-13,0.04723774045179331
2420,2025-02-14,0.04688830918405404
2421,2025-02-17,0.04666861279151559
2422,2025-02-18,0.04738960952013849
2423,2025-02-19,0.04671581120069135
2424,2025-02-20,0.046545815705648697
2425,2025-02-21,0.045976790796317626
2426,2025-02-24,0.04605298837686031
2427,2025-02-25,0.046653347928976074
2428,2025-02-26,0.0460835724465332
2429,2025-02-27,0.04600240755365871
2430,2025-02-28,0.047406838971205956
2431,2025-03-03,0.04731379397556261
2432,2025-03-04,0.04714740835715746
2433,2025-03-05,0.04682083859696032
2434,2025-03-06,0.046034036566015735
2435,2025-03-07,0.04617818277189341
2436,2025-03-10,0.04626933307960178
2437,2025-03-11,0.046029204988459166
2438,2025-03-12,0.046101667620023115
2439,2025-03-13,0.04643116174264186
2440,2025-03-14,0.04517135560158193
2441,2025-03-17,0.0450587972922543
2442,2025-03-18,0.04489800612196619
2443,2025-03-19,0.04498408054754957
2444,2025-03-20,0.0455127195231778
2445,2025-03-21,0.04639998335705446
2446,2025-03-24,0.04642427635052547
2447,2025-03-25,0.046475349312377554
2448,2025-03-26,0.04652805259986857
2449,2025-03-27,0.04663688101776199
2450,2025-03-28,0.0471664022082534
2451,2025-03-31,0.04761660240845646
2452,2025-04-01,0.04748097927687096
2453,2025-04-02,0.04738826634360607
2454,2025-04-03,0.0477423649577598
2455,2025-04-07,0.05340459093116434
2456,2025-04-08,0.05247866259724655
2457,2025-04-09,0.05164427214397965
2458,2025-04-10,0.050563930745816194
2459,2025-04-11,0.05028022568972204
2460,2025-04-14,0.04968946418068561
2461,2025-04-15,0.0496628133084978
2462,2025-04-16,0.049683573324330085
2463,2025-04-17,0.049633756816193114
2464,2025-04-18,0.049658654153229884
2465,2025-04-21,0.048849263029171155
2466,2025-04-22,0.048768523924330245
2467,2025-04-23,0.0487543218069548
2468,2025-04-24,0.04892201393857103
2469,2025-04-25,0.04893442241131252
2470,2025-04-28,0.0490921076337633
2471,2025-04-29,0.049106656393912096
2472,2025-04-30,0.049639758981079696
2473,2025-05-06,0.04876097237420984
2474,2025-05-07,0.04830150732862287
2475,2025-05-08,0.047982421207921705
2476,2025-05-09,0.0482188862486706
2477,2025-05-12,0.04754744559048854
2478,2025-05-13,0.04749852406455632
2479,2025-05-14,0.04697676295137837
2480,2025-05-15,0.04752727021802029
2481,2025-05-16,0.0477232903795988
2482,2025-05-19,0.047706935209277296
2483,2025-05-20,0.047346898463568765
2484,2025-05-21,0.047208968220505076
2485,2025-05-22,0.047505851068068025
2486,2025-05-23,0.04807872062124732
2487,2025-05-26,0.04812533035425218
2488,2025-05-27,0.048343759395122574
2489,2025-05-28,0.04835800478324222
2490,2025-05-29,0.04784818417072527
2491,2025-05-30,0.04824655986868953
2492,2025-06-03,0.047957877025133655
2493,2025-06-04,0.04759460092268114
2494,2025-06-05,0.047409349685208796
2495,2025-06-06,0.047437359473917556
2496,2025-06-09,0.04713493543028939
2497,2025-06-10,0.04734971713157751
2498,2025-06-11,0.0469532497921827
2499,2025-06-12,0.04694212401579323
2500,2025-06-13,0.04748668978353528
2501,2025-06-16,0.04721726704267261
2502,2025-06-17,0.047232903534459886
2503,2025-06-18,0.04720256376216238
2504,2025-06-19,0.04748916912431318
2505,2025-06-20,0.04759579154092369
2506,2025-06-23,0.04706585562011749
2507,2025-06-24,0.04622668206642119
2508,2025-06-25,0.04550983205251126
2509,2025-06-26,0.04566321034716615
2510,2025-06-27,0.045921347569491316
2511,2025-06-30,0.045514752548163354
2512,2025-07-01,0.04529088684321368
2513,2025-07-02,0.045440821247578755
2514,2025-07-03,0.045166320005685254
2515,2025-07-04,0.04507593779044185
2516,2025-07-07,0.04510446570647644
2517,2025-07-08,0.04457808861035108
2518,2025-07-09,0.04462870810373665
0,2025-07-10,0.05235894301316539
0,2025-07-11,0.052099715912483406
0,2025-07-14,0.051868372542583425
0,2025-07-15,0.05155557142184031
0,2025-07-16,0.05161031635689296
0,2025-07-17,0.05140718299017498
0,2025-07-18,0.05083801355770778
0,2025-07-21,0.05023534990026603
0,2025-07-22,0.04974607114848656
0,2025-07-23,0.04925238812719275
0,2025-07-24,0.048415046884476245
0,2025-07-25,0.048917332419387755
0,2025-07-28,0.04886380259565126
0,2025-07-29,0.04821682251560447
0,2025-07-30,0.048710728413088315
0,2025-07-31,0.049857326795988116
0,2025-08-01,0.05019346182317358
0,2025-08-04,0.049687536324749204
0,2025-08-05,0.04910126905909171
0,2025-08-06,0.048958951428769965
0,2025-08-07,0.048949846378053635
0,2025-08-08,0.04913547187623217
0,2025-08-11,0.048606406332901066
0,2025-08-12,0.04815003598418795
0,2025-08-13,0.04734509199217797
0,2025-08-14,0.04740905942449132
0,2025-08-15,0.04694199995122317
0,2025-08-18,0.046198989609826796
0,2025-08-19,0.046499347912191506
0,2025-08-20,0.04610459848065236
0,2025-08-21,0.046109804312930554
0,2025-08-22,0.04523630587003118
0,2025-08-25,0.04443897881041957
0,2025-08-26,0.04477322944779848
0,2025-08-27,0.04530867487355722
0,2025-08-28,0.044558428928366145
0,2025-08-29,0.044810280990045886
0,2025-09-01,0.04425037963129824
0,2025-09-02,0.04482977029580656
0,2025-09-03,0.04558261531250957
0,2025-09-04,0.0463941532093633
0,2025-09-05,0.04511638026261977
0,2025-09-08,0.044431494167557484
0,2025-09-09,0.04427467050144672
0,2025-09-10,0.04353786819931574
0,2025-09-11,0.04320177381616222
0,2025-09-12,0.042940563880508736
0,2025-09-15,0.04291515757325341
0,2025-09-16,0.04306514521893966
0,2025-09-17,0.04261606705542474
0,2025-09-18,0.043203159327428735
0,2025-09-19,0.0428918092398218
0,2025-09-22,0.04311411275447398
0,2025-09-23,0.04305326078739606
0,2025-09-24,0.042111559961916886
0,2025-09-25,0.04236147189120524
0,2025-09-26,0.04298364439270236
0,2025-09-29,0.042006569612113215
0,2025-09-30,0.04187715387605703
0,2025-10-02,0.050320883614059383
0,2025-10-03,0.05071131924467703
0,2025-10-06,0.050978096950072105
0,2025-10-08,0.04194501336708019
0,2025-10-09,0.04158540851568622
0,2025-10-10,0.04247832072229828
0,2025-10-13,0.043054498921773356
0,2025-10-14,0.044050030634256165
0,2025-10-15,0.04311230347610319
0,2025-10-16,0.04316221649131716
0,2025-10-17,0.044808580568100075
0,2025-10-20,0.04371119916605507
0,2025-10-21,0.04314546687551126
0,2025-10-22,0.04358741946419774
0,2025-10-23,0.04324650383203372
0,2025-10-24,0.042588067830707996
