month,沪深300-中证1000,沪深300-中证2000,上证50-中证500,上证50-中证1000,中证500-中证1000,沪深300-中证1000_NAV,沪深300-中证2000_NAV,上证50-中证500_NAV,上证50-中证1000_NAV,中证500-中证1000_NAV
2005-01-31,0.03052299929306268,0.018292964344915008,0.04500421676739341,0.04158683344907099,-0.0027525349862846937,1.0305229992930627,1.018292964344915,1.0450042167673934,1.041586833449071,0.9972474650137153
2005-02-28,-0.023813678182679765,0.012968396270476745,-0.03578953902016968,-0.0433587269786434,-0.007425230472503985,1.0059824562280477,1.0314985910259784,1.007603997575155,0.996424954313003,0.9898426727478681
2005-03-31,0.05593298044165551,-0.007517440124567454,0.04148603759459779,0.06668289924950321,0.024571786805823503,1.0622500532768997,1.023744362129365,1.0494054948990248,1.0628694591511478,1.0141648758739352
2005-04-30,0.08270968245920729,-5.767711530424435e-05,0.046814559623693075,0.0849689688675408,0.03702869228109962,1.1501084178757082,1.0236853155077483,1.0985329510094064,1.1531803811360217,1.0517180749849708
2005-05-31,-0.05242113764989764,0.003110321814457695,-0.016854333810951805,-0.045042422000456606,-0.028355351603650658,1.0898184261899397,1.0268693062757122,1.0800179099507639,1.1012383437662456,1.0218962391808573
2005-06-30,0.018030290135841343,0.050362510881714284,0.04343929657170942,0.028177811820800924,-0.014412793476224817,1.1094681686095302,1.0785850228871212,1.1269331282438728,1.1322688305867414,1.0071678597314127
2005-07-31,0.08887562384541114,0.06028867844771035,0.10073437612455649,0.11831691489270679,0.01654199733960504,1.208072844231328,1.1436114885104791,1.2404540338516141,1.2662353854509376,1.0238284277876253
2005-08-31,-0.11508925357409905,-0.049941619716795116,-0.0899812273055891,-0.1235948202901298,-0.036579955434411726,1.0690366423256057,1.0864976784475309,1.1288364574694771,1.1097352505411258,0.9863768295266702
2005-09-30,-0.037914349274398074,-0.032736994769973715,-0.058289332716178976,-0.05533434951873473,0.003609844728792444,1.0285048136813428,1.0509290096306054,1.063037333617886,1.0483287723144226,0.98993749672534
2005-10-31,0.021453625528027098,-0.009840406305507421,0.0017514485301566296,0.022289840997000043,0.02087744972882777,1.0505699708078355,1.0405874411775957,1.0648991887933528,1.0716958539618913,1.0106048670479049
2005-11-30,-0.03632354847591357,0.004214055407145034,-0.0015983957220211398,-0.0334875212816933,-0.03168215632109439,1.012409541545858,1.0449725343106975,1.0631970584856016,1.0358074162448399,0.9785867256712343
2005-12-31,0.05102769454240663,0.05050729784458641,0.010137547654973433,0.042328306133770255,0.03206744178595389,1.064070466383678,1.0977512733405401,1.073975269332627,1.079651389655281,1.0099674985292038
2006-01-31,0.0369956597526655,0.024004934351506524,-0.04552964061367282,0.008680599410382683,0.056797863553402994,1.1034364553108686,1.1241027205913625,1.02507756129194,1.0890234108717416,1.0673314947040373
2006-02-28,-0.004168419381950672,0.034975734221447397,0.045730037745866925,0.006197221688537757,-0.03798508467468886,1.0988368694037998,1.163419038584372,1.0719543968622618,1.0957723303729212,1.0267888175017423
2006-03-31,0.013916385141652832,-0.011913877053992827,-0.051938899779883196,-0.010366769440448786,0.04362302957499242,1.114128706486271,1.1495582071964032,1.0162782648750277,1.084412711264722,1.0715804564548923
2006-04-30,0.05576358860454733,-0.03939181234365796,-0.03917265874855824,0.04925226624555612,0.09155223438438265,1.176256521327288,1.1042750260204106,0.9764679432115013,1.1378224948399973,1.1696860415659744
2006-05-31,-0.08329240414181271,-0.03320460718511309,-0.09308690393469088,-0.12134681166195094,-0.031017088392761405,1.0782832877784527,1.0676080075570724,0.8855715655864671,0.999751362853917,1.1334057862229434
2006-06-30,-0.06672409151340475,-0.05790747608298863,-0.03760537207392334,-0.06629096705228787,-0.029733445388949842,1.0063358150073483,1.0057855223934542,0.8522693173645012,0.933476878198488,1.0997057271747637
2006-07-31,-0.05461066096448508,-0.030665020728714798,-0.03765054307206084,-0.05871607850213101,-0.02166318770233744,0.9513791509975632,0.9749430885006177,0.8201809147220731,0.8786667765382614,1.0758825955896414
2006-08-31,0.011240126062330713,0.037805848254506724,-0.012775864278795623,0.0036737343774282394,0.016933454610579268,0.962072772587849,1.0118016389612523,0.8097023946715255,0.8818947648815341,1.0941010046883708
2006-09-30,-0.008060115811622692,-0.004477944175752868,0.014773050657502118,0.006633280420268006,-0.007962265925827383,0.954318354621582,1.0072708477050485,0.8216641691655087,0.8877446201581596,1.085389481539327
2006-10-31,0.053926399208895415,0.037205897994960546,0.07559006139661029,0.08056472215339716,0.00465732149407283,1.0057813071852817,1.04474726411806,0.8837738141601242,0.9592655188243748,1.0904444893011407
2006-11-30,0.1487921321314123,0.11133050196468375,0.13027521664531005,0.17038909862759688,0.03522009381577407,1.1554336523392987,1.1610595014585536,0.9989076392652864,1.1227139059213942,1.1288500465152207
2006-12-31,0.1398657391352487,0.08481338233395364,0.19200351188881437,0.21247072670676004,0.017773416917082452,1.3170392341454746,1.2595328848682275,1.1907014140567862,1.3612577453962977,1.1489135690288037
2007-01-31,-0.052217527038731504,-0.07623280892631146,-0.08880538548605998,-0.07961612690671738,0.009446427131683865,1.248266702325413,1.163515155119662,1.0849607159826766,1.252879675986074,1.159766697339237
2007-02-28,-0.11350389111911507,-0.05180342341485611,-0.1305315524178977,-0.15178994229772813,-0.0238368140149553,1.1065835744570525,1.1032410868893963,0.943339109413024,1.0627051422621516,1.1321215542740228
2007-03-31,-0.12355229175294047,-0.007919361024771532,-0.0664161248311369,-0.12602786732629556,-0.0633239720203781,0.969862637816723,1.0945041224249579,0.8806861813641551,0.9287746795861651,1.0604311206475077
2007-04-30,-0.0450852564106109,-0.08292114251444416,-0.10081293529818458,-0.10199731470367668,-0.001924051658430348,0.9261361321076846,1.0037465901067113,0.7919016223442853,0.8340421563036086,1.0583907963911747
2007-05-31,0.029551081822229763,-0.042735333364664396,-0.03213879964176369,-0.007955757119008866,0.02578359263635921,0.9535044567261223,0.9608511449648558,0.7664508547677746,0.8274067194810426,1.0856799135353965
2007-06-30,0.17283674660649662,0.09777625016819025,0.1602303910087577,0.20755201408995183,0.03999022627095683,1.1183050649014603,1.0547995668893315,0.8892595749162118,0.9991366505808927,1.12909649893551
2007-07-31,-0.07206322906914342,0.005824224377604548,-0.058124594868034674,-0.09121109104613956,-0.034700425654141775,1.037716390840283,1.060942956240295,0.8375717223916862,0.908004306577224,1.0899163698178465
2007-08-31,0.05138838932815237,0.04506677638738599,0.09770233294522135,0.08198365429021526,-0.013710445602965526,1.0910429647449886,1.1087562352089486,0.9194044336783013,0.9824458177416777,1.0749731307176773
2007-09-30,0.036448405553449525,0.04352795617285499,-0.001786347204426053,0.02054441398776108,0.022464613950930135,1.130809741200252,1.1570181280215035,0.9177620581384631,1.0026295913419072,1.0991219871068727
2007-10-31,0.15829168365354285,0.042684033966124524,0.19315061196508188,0.21916689603437844,0.02231387778638072,1.309807519026667,1.2064043290973951,1.0950283613062404,1.2223728067485304,1.1236476607994994
2007-11-30,-0.10614945712657653,-0.05523703290553017,-0.07545190705515048,-0.10068597169274884,-0.026825578168145015,1.1707721619416782,1.1397661334736682,1.0124063831662082,1.099297012930262,1.093505162641269
2007-12-31,-0.06412056721595971,-0.08580062610612627,-0.09305752958634339,-0.09593823746926877,-0.002713949294886886,1.0957015868373223,1.0419734856070688,0.9181943462113159,0.9938323950545006,1.0905374450761636
2008-01-31,-0.08132206978904188,-0.06108899777573318,-0.12830826011302843,-0.12325391983933964,0.005565457445343203,1.0065968659245736,0.9783203696624456,0.8003824272033223,0.8713386567007143,1.0966067848192882
2008-02-29,-0.0833255765781149,-0.07588904197432345,-0.08660216731068315,-0.10138493290923789,-0.015894661914251373,0.9227216016896851,0.9040765740647967,0.7310675743301295,0.7829980454498869,1.0791765907217115
2008-03-31,-0.030689378831933234,0.018287746860873977,0.008333007298748418,-0.03004495376737626,-0.03755369877451131,0.8944038488990221,0.9206100975941399,0.7371595657629008,0.7594729053743992,1.0386495181092443
2008-04-30,0.11707044890639762,0.010969547741187968,0.1340136720305547,0.17954658550887803,0.040668594846656525,0.9991121089932404,0.9307087740107185,0.8359490260432363,0.8958336723208797,1.0808899345489043
2008-05-31,-0.06839500166516244,-0.10840426302560868,-0.07085299527496469,-0.08572031027994442,-0.015946519106322055,0.9307778346349638,0.8298159752726187,0.7767195336508835,0.8190425319703118,1.063653502555789
2008-06-30,0.04545802732568349,-0.060305584900239184,0.02700593658105288,0.0480552242654777,0.019876481320173944,0.9730891588759405,0.7797734375242411,0.7976955721179243,0.8584018045271099,1.0847951915304768
2008-07-31,-0.08766063634538002,-0.05941959099824334,-0.07479102402077498,-0.09719191816914363,-0.024102025915492487,0.8877875439880849,0.7334396187952564,0.7380351034223868,0.7749720865852658,1.0586494297112077
2008-08-31,0.13503200503593593,0.10400354956365399,0.1811789042415366,0.21170057552382127,0.026661029862654173,1.007667276098725,0.8097199425405763,0.8717514947522439,0.9390341233302633,1.08687411377082
2008-09-30,0.026049861909050565,-0.016212828041343053,-0.012231129684577402,0.003083124410520499,0.015918256914615903,1.033916869491366,0.7965920923505198,0.861088989167205,0.9419292823582145,1.1041752551476693
2008-10-31,0.007799616408814991,-0.1064718477668215,0.001512651084706329,-0.0031705152571177564,-0.004377163903808046,1.0419810244720016,0.7117774603615215,0.8623915163606974,0.9389428811973718,1.099342099077359
2008-11-30,-0.10272644725182922,-0.04402053524760241,-0.10162284424932766,-0.13381899947170195,-0.0357233556874238,0.9349420157241716,0.6804446355792282,0.7747528376116328,0.8132944842744624,1.0600699102498594
2008-12-31,-0.07167074683952845,-0.1264990487181582,-0.07227761310403868,-0.08336835963200506,-0.011537253210012088,0.867934023205566,0.594369036473082,0.7187555517634832,0.7454914572227429,1.047839615274992
2009-01-31,-0.037025135340491455,0.008427423088031682,-0.038717418752489574,-0.04369413257921306,-0.005111139261520292,0.8357986485297627,0.5993780358138664,0.6909271920851797,0.7129178546541817,1.0424839610775838
2009-02-28,-0.035631926164516825,0.010216993084714021,-0.05126639814209211,-0.05530539318083827,-0.004151201762817469,0.8060175327969472,0.6055018770609062,0.6555058435685431,0.6734896523968924,1.0381563998206496
2009-03-31,-0.04265151788969623,0.035847497310351084,-0.048091368956737934,-0.061334577584593375,-0.013718752289635705,0.7716396615774493,0.6272076039702595,0.6239816701921906,0.6321814490595343,1.0239141893336101
2009-04-30,-0.01134619412227933,-0.0018160421958062223,-0.025029479489727335,-0.021986256176562136,0.0030079431881253615,0.7628844881847416,0.6260685684959191,0.6083637337761494,0.6182821457704412,1.026994065044641
2009-05-31,-0.017719777316814955,0.07220250818193241,-0.012039390044053078,-0.020191747387952597,-0.007984280091097973,0.7493663449356557,0.6712722894351963,0.6010394054965619,0.6057979488685631,1.0187942567774293
2009-06-30,0.09447205885016619,0.06853942039492367,0.13543625071576648,0.14056726304439793,0.0046120255370243335,0.8201605263747509,0.7172809030802582,0.6824419291094495,0.6909533084989271,1.0234929619066606
2009-07-31,0.04159836602271039,0.06505099675270465,0.037552870092044444,0.04397481612862375,0.006333831065168827,0.8542778641482666,0.7639407407773091,0.7080695822186608,0.7213378531936316,1.0299755934237667
2009-08-31,-0.09929333225550574,-0.17872910326008062,-0.13300298923356668,-0.13803209969916175,-0.005535108163236324,0.7694537683448689,0.6274022972343389,0.6138942111982162,0.6217700747248289,1.0242745671086726
2009-09-30,0.03168695732458904,-0.004791737605217339,0.033219373226444526,0.04271839154728818,0.009477801997188173,0.793835417065657,0.6243959500530815,0.6342873921215635,0.6483310922293108,1.0339824386464842
2009-10-31,-0.032043239761566755,-0.0335978377556051,-0.039894530045713084,-0.041936300028294404,-0.002097585883312769,0.7683983584653988,0.6034175962279411,0.6089827946989528,0.6211424850279107,1.031813571679586
2009-11-30,-0.08272487636345172,-0.02941529725620584,-0.10096799240903287,-0.11099458632091275,-0.010929365627457277,0.7048326992634695,0.585667888265271,0.5474950245065573,0.552199031855894,1.0205365038953271
2009-12-31,-0.01514952774245304,-0.00501639819424915,0.011896788768137379,-0.0007849739106730036,-0.011945302371791144,0.6941548167321895,0.5827299449281474,0.554008457164718,0.5517655700223882,1.008345886774847
2010-01-31,-0.0847990745952849,-0.11838270495252046,-0.10211824396395552,-0.10345289928581713,-0.0016798919396027179,0.6352911306474402,0.51374479779072,0.4974340863778767,0.49468382207748063,1.0066519746473224
2010-02-28,-0.05650326661989258,-0.022457485545656186,-0.04398301186907505,-0.06663611350387133,-0.02349033981610882,0.599395106511215,0.5022073814201788,0.4755554370526361,0.4617200147609967,0.9830053776862998
2010-03-31,-0.016974789348262354,0.05357582485079404,0.0062552516319873686,-0.003557364200420521,-0.009779455356627054,0.5892205008418078,0.5291135561259223,0.47853015597636006,0.46007750850986834,0.9733921204798923
2010-04-30,-0.027015690338241583,-0.1356386078326266,-0.02377345293069888,-0.03101106559376221,-0.006682831927923849,0.5733023022501219,0.45734532998763183,0.46715384183733605,0.4458100147152541,0.9668871045387598
2010-05-31,-0.01686517878791116,-0.10073248987514682,-0.035545955826825515,-0.027230446180908974,0.008871780066359136,0.5636334564231525,0.41127579616520704,0.4505484120110543,0.43367040910264015,0.9754651142792264
2010-06-30,0.024609794027069087,0.08881098726576853,0.053830489970736695,0.045675909629853795,-0.0075891843586261,0.5775043596924914,0.44780160566115407,0.47480165378514666,0.45347869951795405,0.9680621296915531
2010-07-31,-0.02928985484105806,0.01858095277571259,-0.04666884340943778,-0.05356594691075289,-0.007153790328602083,0.5605893408270202,0.45612218614883226,0.45264320975410555,0.42918768357441806,0.9611368161906798
2010-08-31,-0.08647152577781525,-0.09428317523117047,-0.11772466916961144,-0.12669811524475594,-0.01013880902986608,0.512114325190928,0.41311753814533736,0.39935593763393246,0.3748104129792766,0.951392033559749
2010-09-30,0.00351585183404457,-0.05779090044442681,-0.02269638537092089,-0.013848705954036533,0.009149359020129255,0.513914843280391,0.38924310362653347,0.3902920013732273,0.3696197737814156,0.960096660843678
2010-10-31,0.05543202158855176,0.1192447747882075,0.052950617266184885,0.0480922022355299,-0.004198136170177724,0.5424021819677869,0.43565830985634235,0.41095820375999437,0.38739560269236223,0.9560660443249233
2010-11-30,-0.08950452297583456,-0.15712060695979146,-0.11053599236915268,-0.11511298113131851,-0.005073891252312279,0.4938547334097083,0.36720741178463695,0.36553253088513893,0.3428013399892806,0.9512150691859902
2010-12-31,0.022588426075088153,0.07436980847137331,0.03147686407596306,0.02307398454780185,-0.008061569370541477,0.5050101345471659,0.39451655666832913,0.37703834867515323,0.350711132811159,0.9435467829194429
2011-01-31,0.0509437946934459,0.07593968360963177,0.0607511479579943,0.06025399816357235,-0.00038377222895402685,0.5307372671596462,0.4244760191604834,0.39994386118135533,0.37184288076350697,0.9431846758674396
2011-02-28,-0.05190322073838327,0.0031707500558311175,-0.06925958091637152,-0.07362179665606994,-0.004604744643666447,0.5031902936281728,0.42582192652193546,0.3722439169658592,0.3444671398079288,0.9388415512832508
2011-03-31,0.006374933102234248,0.058930756787979766,0.04924135647126482,0.04191229188819823,-0.006983445030150137,0.506398098087746,0.4509159349087886,0.390573712375435,0.3589045471174515,0.9322852029178433
2011-04-30,0.039883199666634006,0.009634695750152522,0.046865236246801834,0.06416723041124017,0.01666820185554707,0.5265948745445833,0.4552603727505304,0.40887804167770014,0.3819344578879788,0.9478247208670176
2011-05-31,0.011743085205205839,0.0011990907065579925,0.03266634749607533,0.02298020602750972,-0.00923599555823651,0.5327787230249851,0.4558062712325597,0.42223459387065865,0.3907113904192498,0.9390706159551031
2011-06-30,-0.030691095259752665,0.0018227373381598522,-0.04092806033294616,-0.05469815679585088,-0.014243220073457685,0.5164271604842559,0.4566370863421027,0.40495335093806334,0.36934019752417274,0.9256952265075371
2011-07-31,-0.04276644962696585,-0.07749645213740664,-0.05211017404889562,-0.059994227270696476,-0.008186653471675798,0.49434140433940893,0.4212493322362271,0.3838511613389973,0.3471819177737036,0.9181168804677354
2011-08-31,-0.010639917753275774,-0.013653929102237616,0.007293062980586518,-0.003375996672647985,-0.010367100246183036,0.4890816524551988,0.41549762371950877,0.3866506120338139,0.34600983277449604,0.9085986707302136
2011-09-30,0.04067016329677342,0.03497731745766397,0.04930484384495659,0.04947168830165638,0.00037256232290494573,0.5089726831260075,0.43003061600725107,0.405714360082698,0.36312752337082416,0.9089371803615692
2011-10-31,0.0010192875075594188,0.007782951504557767,0.024718432471069418,0.019440463261267915,-0.005045929338701627,0.5094914726236068,0.4333775234371106,0.41574298309494534,0.37018689064806987,0.9043507475761461
2011-11-30,-0.023916713001748913,-0.07841210298965628,-0.029688438622442637,-0.03217224228967519,-0.0024990917695556503,0.49730611129602964,0.39939548043595774,0.40340022305861983,0.35827714830967866,0.902090692066087
2011-12-31,0.11675378474226039,0.06261853008780083,0.13367827443165092,0.16667262796544735,0.02951433901425804,0.5553684819652969,0.42440503834456844,0.4573260687824392,0.4179921421584191,0.9287153025733322
2012-01-31,0.060826187300899726,0.11262364532218716,0.06475590762590522,0.08718985242514976,0.021876365374302598,0.5891494292703343,0.47220308085603635,0.4869406334474332,0.4544368153480839,0.9490322178611325
2012-02-29,-0.05704733726887401,-0.02510817077202432,-0.06944056868972115,-0.07868685090577532,-0.009714147444116472,0.5555400230769849,0.460346925262827,0.4531271989427104,0.41867861341269386,0.9398131789676125
2012-03-31,0.006492452381245961,-0.00021150015121151888,0.008509741152445738,0.009380854782956582,0.0012497377562283862,0.5591468402226886,0.46024956181852417,0.45698319411484567,0.42260617668584793,0.9409876989811694
2012-04-30,-0.008582689623647166,0.04171760963790261,-0.004783593767464067,-0.010023871345055002,-0.005185768916154632,0.5543478564390142,0.4794500733744851,0.4547971721556421,0.4183700267411234,0.936107954221309
2012-05-31,-0.013260532924299961,-0.06389017289520094,-0.033432153553127675,-0.025385403328800682,0.008391899087843324,0.5469969084371895,0.44881792529197245,0.43959232326060643,0.40774953487161886,0.9439636777084617
2012-06-30,0.009408461465564955,-0.112077706849525,0.023235715862094164,0.02176022829527735,-0.0015026644868884054,0.5521433077720039,0.39851544143228673,0.44980656557904775,0.41662225783771845,0.9425452170130566
2012-07-31,0.042634927550733615,-0.012464674946383592,0.046419111747525665,0.04976645786114742,0.0035784023967018186,0.5756838976964858,0.3935480759937187,0.4706861868114323,0.43735607187641534,0.945918023076616
2012-08-31,-0.08020933723179757,-0.057039857169711716,-0.045508321551495756,-0.07553104109147424,-0.031119421360684463,0.5295086738072327,0.37110014994962215,0.4492660484721703,0.40432211243991206,0.9164816015438291
2012-09-30,0.037463937828562166,0.007830942661324558,0.018977719094556145,0.036549163605917645,0.017558551527673716,0.5493461538424312,0.3740062139454866,0.4577920933387964,0.41909974747696865,0.9325736909687014
2012-10-31,-0.012429753399430421,-0.04331189798633839,-0.006823267216200635,-0.012115472560377705,-0.005262487877777056,0.5425179166192442,0.35780729496082303,0.45466845555648194,0.4140221559863502,0.9276660332248448
2012-11-30,0.08000425180143211,0.058617730318789585,0.09462726070974603,0.10941404037216196,0.013763194993302141,0.5859216566272386,0.37878114648293215,0.49769248603692273,0.4593219928764103,0.9404336817287814
2012-12-31,0.013781609193650679,0.07817322315601083,0.03216229481351185,0.03218643489862738,0.0002138654526453454,0.5939965999169716,0.40839168957423205,0.5136994184993119,0.47410593029763465,0.9406348080038073
2013-01-31,-0.004322680123402867,-0.05129859124579861,0.009140224280854925,0.0030761448826075455,-0.005869411093220256,0.5914289426211417,0.38744177122258244,0.5183947463973404,0.4755643488289336,0.9351138356270406
2013-02-28,-0.051443849341364145,-0.06458939591979151,-0.053608931210412214,-0.06432311782044653,-0.01098382898034811,0.5610035612008173,0.3624171412652218,0.49060415809788627,0.4449745671880062,0.9248427051793559
2013-03-31,-0.04058804840742636,-0.09735380509142666,-0.0396457230620636,-0.0571654541604083,-0.0179897637133003,0.5382335215020599,0.3271344535326953,0.4711538015128406,0.4195373939648727,0.9082050034412098
2013-04-30,0.002702161116163948,0.02087969691368108,0.007514893048702342,0.006631112764264424,-0.0006224189386891954,0.5396879151952788,0.3339649217724807,0.47469447194069914,0.4223193937330794,0.9076397194468557
2013-05-31,-0.08412888485077707,-0.03795916766197638,-0.08679875016679894,-0.10373826288140453,-0.017964244194684342,0.49428457272245924,0.3212878913137003,0.43349158506515784,0.37850871344608183,0.8913346578859176
2013-06-30,-0.01432316698631897,-0.06629845657547861,-0.0006196427367454183,-0.016373977099168324,-0.015220155600715657,0.4872048522485941,0.2999870000032118,0.43322297515303193,0.37231102044028,0.8777684057005832
2013-07-31,-0.08148376378741873,-0.08556446367916559,-0.08766768931365543,-0.10761873482771311,-0.021002484339685212,0.44750556715188544,0.27431877323721515,0.3952433179637785,0.33224337945808224,0.8593330885059863
2013-08-31,-0.0173394352392765,0.07200489738458948,-0.011218810106336075,-0.01604971987385173,-0.004420703059340725,0.4397460733510396,0.2940710683548273,0.3908091582337446,0.3269109662878382,0.8555342320926352
2013-09-30,-0.026848551113857533,-0.028226499035699515,-0.022339838417981595,-0.03417877779551004,-0.01145197856436897,0.4279395284235561,0.28577047162748265,0.38207854478653536,0.3157375490121707,0.8457366724056266
2013-10-31,0.02918688396040281,0.058775199759718566,0.032145045316230636,0.03579668378165657,0.0035078543133701956,0.44042974978172394,0.3025666881828169,0.394360476923058,0.3270399062121547,0.8487033934399
2013-11-30,-0.05548364922518745,0.001799070384972401,-0.04159070765993189,-0.06364051379820768,-0.02272557970822664,0.4159931000364977,0.3031110269510058,0.37795874561471976,0.3062269185482955,0.8294161168236391
2013-12-31,-0.014374169512953894,-0.058007786384502324,-0.026098858267760594,-0.023475065747644352,0.0037142910366514403,0.4100135447003539,0.2855282272488447,0.36809445388186063,0.2990382215016757,0.8324968096720115
2014-01-31,-0.10263724166039656,-0.048234780692852364,-0.07697838392172518,-0.11004083758720706,-0.03551861900551245,0.36793088542890784,0.27175583582587776,0.339759137691485,0.26613180513704254,0.8029276726659667
2014-02-28,-0.0394855132798031,-0.015942936701676347,-0.033655826864159466,-0.038762050789029834,-0.004510743341522905,0.353402945566255,0.26742324973699466,0.3283242629778243,0.2558159905897443,0.7993058720127642
2014-03-31,0.02715520968774987,0.027214977571944132,0.03446419669331302,0.04312659369363958,0.008963523276863672,0.3629996766573751,0.27470116748080337,0.33963969495627905,0.26684846287624414,0.8064704688018843
2014-04-30,0.02811961675269692,0.03547664237481074,0.03864196492192917,0.04208578980549249,0.0037627259544470437,0.3732070884463334,0.28444664255946284,0.35276404013487433,0.27807899119477253,0.8095049961663403
2014-05-31,-0.028285840641096516,-0.009327362371323589,-0.02581364100640615,-0.03590654703079499,-0.010240146802175443,0.36265061221641276,0.28179350564900435,0.34365791584286326,0.2680941348191614,0.8012155461685025
2014-06-30,-0.04557550647660957,-0.01508478926638912,-0.024876623321530178,-0.049415570642436624,-0.024953073457651298,0.3461226268905972,0.2775427099996521,0.3351088673189782,0.2548461101611822,0.7812227557895477
2014-07-31,0.03559711354709649,0.03992621523671813,0.008202860207357165,0.043530563506444464,0.035344894569791396,0.3584435933412411,0.2886239399764802,0.3378577185118416,0.2659397049439239,0.8088349917284512
2014-08-31,-0.06181981873517617,-0.004888822471680654,-0.0631982905520172,-0.0808877516480565,-0.01867588079665572,0.3362846753741004,0.2872129087728582,0.3165056882520886,0.24442844013706233,0.7937292858387667
2014-09-30,-0.07370430562285935,-0.031193879704265348,-0.07871155978340161,-0.09519457372522866,-0.017759666781089423,0.3114990468840437,0.2782536238470855,0.2915930318494476,0.2211601789718921,0.7796329182078781
2014-10-31,0.008858569825136442,-0.008589633698897314,0.007574779611154048,0.008202741194839325,0.0008443336323462614,0.3142584829413294,0.2758635271428483,0.2938017848018554,0.22297429868260288,0.7802911885016053
2014-11-30,0.07121202022208806,0.11323475703233798,0.09659010405130375,0.10419123118383689,0.0076853831208139045,0.33663746438351005,0.3071008666129525,0.3221801297663254,0.24620626538469584,0.7862880252310354
2014-12-31,0.34430226389232765,0.2691123698964759,0.3249471712000913,0.438529745154016,0.08924768279202677,0.45254250548172537,0.3897455086244257,0.4268716515507711,0.3541750361991685,0.856462409490024
2015-01-31,-0.10539085016585692,-0.09551935571033343,-0.11881190964245714,-0.14289492738251064,-0.025282356637780223,0.4048486660928194,0.35251726874962436,0.3761542154577944,0.30356522012079024,0.8348090214064446
2015-02-28,-0.0469551875516403,0.0032385243610231207,-0.037507672033371464,-0.05788054923883712,-0.02077537017427067,0.38583892104639966,0.3536589045121514,0.3620455465104333,0.2859946984503904,0.8174655549619051
2015-03-31,-0.08045727894348509,-0.029711931978530837,-0.07778364546657779,-0.09835445537446164,-0.020987709577081848,0.3547953713485162,0.3431510151976846,0.33388432407791235,0.25786584564431886,0.8003088253050966
2015-04-30,0.0067116236117008565,0.01618955844929304,0.006593565869101203,0.011898308430306814,0.006262249003829545,0.35717662434018105,0.34870647861516174,0.3360858123613804,0.26093401300943686,0.8053205584491194
2015-05-31,-0.20736671187383093,-0.12495737201510648,-0.19073604620304851,-0.25764166940752486,-0.08125254419388339,0.2831100821925632,0.3051330334427692,0.27198213332663107,0.19370653829248075,0.7398862141834895
2015-06-30,0.05057711395164688,0.029445972487075478,0.023729865948236784,0.04455904784468445,0.02205376198192943,0.29742897308047656,0.3141179723504229,0.2784362328907875,0.2023379172000836,0.7562034886448031
2015-07-31,0.03665170275530194,-0.06631355506207537,-0.03482082076206894,0.02958805097700501,0.06855636164555934,0.30833025139263687,0.29328769289497564,0.26874085473163173,0.20832470180878068,0.8080460484899699
2015-08-31,0.01186111259080791,0.007028115477481833,0.04320982417834629,0.026409281895610315,-0.014356859917984077,0.31198739121955704,0.29534895266876576,0.28035309981412404,0.21382640758466773,0.7964450445645188
2015-09-30,-0.03713471523299172,-0.012885166433992401,0.024512793713079573,-0.024531478438938104,-0.04561545167929981,0.3004018282903348,0.2915433322575234,0.28722533751669005,0.20858092967732886,0.7601148441189682
2015-10-31,-0.07744990491581483,-0.026543456414354294,-0.07631849625049258,-0.10239290651152566,-0.027731709715798414,0.27713573525271146,0.2838047645248502,0.26530473167237606,0.187223722044791,0.7390355599111916
2015-11-30,-0.07684982234048654,0.013479146720134061,-0.037235041268012914,-0.07727759440041493,-0.04084357017671625,0.25583790323434047,0.2876302105857538,0.25542609903995606,0.17275552319047763,0.7088507091568701
2015-12-31,-0.016772777771782765,-0.027860758606445213,0.006249241469047373,-0.026916687161798625,-0.03179106611336813,0.25154679093779203,0.2796166147207031,0.25702231841035356,0.1681055168172867,0.6863155893975561
2016-01-31,0.1200952261010928,0.042212207267757096,0.12094324231769993,0.15117607017863355,0.028378292670594663,0.28175635967047047,0.291419849216802,0.288107430946914,0.1935190482250723,0.7057920540578716
2016-02-29,-0.0016922620439107083,0.0020224702874969136,0.0013895588774619494,0.005242092323929359,0.004610482665571958,0.28127955407736965,0.2920092372030298,0.288507773185249,0.19453349294230707,0.7090460960886038
2016-03-31,-0.056147882530316884,-0.010376421332115804,-0.04401750342111088,-0.06720498049484847,-0.022962802509446933,0.2654863027168536,0.2889792263249414,0.2758083812920502,0.1814598733435246,0.6927644106140268
2016-04-30,-0.0035917577109108034,0.0037019679687504414,0.015132082852576278,0.0047075036204702325,-0.009940402780249546,0.26453274024192913,0.2900490181644306,0.27998193656919645,0.1823140963542593,0.6858780533407012
2016-05-31,0.011395780288476987,-0.0011052724413181947,0.011817736694526237,0.01563439130538402,0.0042329080379517325,0.2675472972288349,0.2897284349780221,0.2832906893747948,0.18516446627714928,0.6887813120657417
2016-06-30,-0.06951694042968304,-0.03999271964104545,-0.046335665940807735,-0.08016045668177851,-0.03504871561872536,0.2489482277052553,0.27814140690590716,0.27016422662778317,0.17032159809913522,0.6646404117356569
2016-07-31,0.042616958711081177,-0.040554721000535254,0.0006738641436774273,0.041492118296271974,0.04110466419990866,0.259557644046567,0.26686145975014175,0.27034628061301197,0.17738860199587464,0.6919602326737401
2016-08-31,-0.0015136634798713633,0.010804794234501536,-0.002064961906840135,-0.0045543655097219915,-0.002364235062434883,0.25916476111985226,0.26974484291186074,0.2697880258418902,0.17658070946512683,0.6903242760298423
2016-09-30,-0.0033075361687141536,-0.012310233612269239,-0.009447000594448474,-0.006167817948344756,0.003427954388089738,0.2583075642987922,0.26642422087991086,0.2672393382013868,0.17549159179595636,0.6926906761610636
2016-10-31,-0.0035666165120882276,0.014780772611287851,0.013363735308437263,0.004185838513387052,-0.008999655669105211,0.25738628027476684,0.27036217670687634,0.2708106539811121,0.17622617125967147,0.6864566985904144
2016-11-30,0.047751148127181064,0.04508002121172505,0.05308280493442363,0.06209927560711215,0.0087292799258738,0.2696767706700714,0.2825501093676705,0.2851860431005552,0.18716968883791196,0.6924489712694013
2016-12-31,-0.008925842329051581,-0.015424561213901122,-0.007963727164763124,0.00017118263063609085,0.008832153122245279,0.26726967833526255,0.2781918979097344,0.282914899262104,0.18720172903762258,0.6985647866129939
2017-01-31,0.056145122553698634,0.025096007488575545,0.038530947389042725,0.06576758888644707,0.02708125793853955,0.28227556718028346,0.28517340386293816,0.2938158783611485,0.199513535391801,0.7174827997860412
2017-02-28,-0.0173533550169237,-0.005666701795229101,-0.032799430992565326,-0.0331999086041499,-0.00037649249796012363,0.2773771390504005,0.28355741122331646,0.284178884734322,0.19288970425150237,0.7172126728945064
2017-03-31,0.020761562074968598,-0.018405674193779697,0.002617642470717385,0.01489698959939778,0.012305768164149189,0.2831359217409726,0.2783383458971085,0.2849227634522837,0.19576318016956792,0.7260385257715359
2017-04-30,0.056644396125140384,0.0025470823856981184,0.023520618157403916,0.055502041040431216,0.03137296368574649,0.29917398504932496,0.2790472965952074,0.29162432297579716,0.2066284362295446,0.7488165060750193
2017-05-31,0.10118314232097392,0.020522105313659944,0.12362592293479358,0.1443620556646601,0.018940719828591135,0.3294453489573037,0.2847739346034263,0.3276766490539144,0.2364577420424158,0.7629996297196107
2017-06-30,0.012079040555299514,0.0019525687731543062,-0.025950899605999833,-0.009036938656111548,0.01781104659990529,0.3334247326881138,0.28532997529554127,0.31917314523108586,0.23432088793281583,0.7765894516802572
2017-07-31,0.01941112919763177,0.07592478472161157,0.005542130729484729,0.03366030217118965,0.02834059486096785,0.3398968832520086,0.306993592244478,0.32094204452729735,0.2422081998256559,0.7985984587036286
2017-08-31,-0.009188399222047394,0.008321479108622354,0.0005941151757502539,-0.003244828135447353,-0.003942377802964359,0.3367737749943595,0.30954823300882134,0.3211327210664873,0.24142227584422554,0.7954500818665539
2017-09-30,-0.017873279788875762,-0.02042131148021864,-0.036551013407212674,-0.03719448179711471,-0.0006895145522529678,0.3307545230883294,0.30322685212439693,0.30939499467329146,0.2324426993999195,0.7949016074595161
2017-10-31,0.07147427379187454,-0.025855532411112492,0.0507259953873902,0.07201067247723292,0.020567767762699196,0.35439496242944557,0.29538676042137496,0.32508936374597047,0.24918105449613098,0.8112509591159397
2017-11-30,0.06490713931660852,0.03149856151807495,0.07069376068413868,0.09045729999218866,0.01856428370291896,0.37739772562895785,0.3046910184661325,0.34807115342758704,0.2717212998950574,0.8263112520752331
2017-12-31,0.024264728519660883,-0.02882226643811503,-0.0003977464942226394,0.016338473389171826,0.017159723780538094,0.38655517898528197,0.295909132750601,0.34793270934657117,0.27616081112266394,0.8404905249175947
2018-01-31,0.09448348234729065,0.06021869598756102,0.09864945113068635,0.12355547558658841,0.022939222312176266,0.42307825841519164,0.3137283948556523,0.382256080154023,0.3102819914793027,0.8597707239199571
2018-02-28,-0.029408184867674603,-0.03389127122903357,-0.054659101728334214,-0.04906473561002023,0.006704590693053181,0.4106362947782239,0.30309574073335005,0.36136230618261,0.29505808760282015,0.8655351347137105
2018-03-31,-0.06722837817808858,-0.13012684921922602,-0.07138719393689397,-0.09037241853562927,-0.020213126080320998,0.3830298826592244,0.2636548469799518,0.3355656651496688,0.2683929746176557,0.8480399639087947
2018-04-30,0.0045740187569567325,-0.030733294301916625,0.016382364774889302,0.015898097529015276,-0.000188185459626955,0.3847818685269826,0.2555518649735901,0.341063024282079,0.2726599123042297,0.8478803751184044
2018-05-31,0.043680878363800524,-0.07127602752899886,0.01972629906653589,0.03287952903367497,0.012944544784867729,0.4015894785227056,0.2373371432106455,0.3477909354996045,0.2816248418071559,0.858855800606335
2018-06-30,0.03575676868970601,-0.0007190889511679011,0.024734867977534103,0.045087798235612375,0.02036329985638341,0.41594902061446165,0.23716647669326096,0.3563934983729703,0.2943226858526932,0.8763449388074761
2018-07-31,0.012886362936750384,0.061067201398978366,0.031005267811727633,0.037130923114678804,0.00616048145432857,0.42130909065728545,0.25164956969057445,0.36744357423638274,0.30525115887199533,0.8817436455505943
2018-08-31,0.038456504580936635,0.02092785744979553,0.046893497235692916,0.06438938951169804,0.016787004625111956,0.4375111656321376,0.25691605601236117,0.38467428846910967,0.3249060946395015,0.8965454802066152
2018-09-30,0.04595815375195578,0.029737107087561165,0.05673460186167145,0.06850760795005906,0.011144349611045046,0.4576183710504568,0.26455599628251464,0.4064986310718264,0.34716463399164926,0.9065368964802399
2018-10-31,0.03691982235314084,0.05583159127635451,0.05387686494218191,0.06241421066682906,0.008262465626616367,0.4745135600151733,0.27932657853666876,0.428399502917265,0.36883264059367665,0.9140271264266674
2018-11-30,-0.04960632002874199,-0.03689430712288699,-0.03524109154240607,-0.06508590733063147,-0.030566451934242456,0.45097468849908295,0.26902101796055167,0.41330223681823636,0.3448268335274845,0.8860885602001529
2018-12-31,-0.004999403781791978,0.0784509770713413,-0.009096404171957673,-0.010051601957518308,-0.0008988864775605343,0.4487200839359082,0.2901259796722838,0.40954267262696353,0.3413607714525948,0.8852920671754679
2019-01-31,0.08021491681025639,0.08948496807115536,0.07994021540611063,0.09960051894842281,0.018696541095151176,0.4847141281399183,0.3160878936998708,0.44228160209475725,0.3753604814379072,0.9018439666906254
2019-02-28,-0.06401221144567293,-0.04756329717215135,-0.08270579782602838,-0.09828810463922122,-0.016783117020540916,0.45368650487872086,0.3010537112793044,0.4057023493297363,0.3384670111609097,0.8867082138633878
2019-03-31,-0.05264202261720852,-0.0447510385732689,-0.06759127788974373,-0.07331023089333244,-0.005291949903604265,0.42980352962777296,0.2875812450332185,0.37828040909566824,0.3136539164229273,0.8820157984165083
2019-04-30,0.04815804692799519,0.03730139687922507,0.08128448790763443,0.07490571689628456,-0.0053014627606027265,0.4505020281774052,0.2983084271892243,0.4090287384345001,0.33714838788991397,0.8773398245069399
2019-05-31,-0.01468466906206034,0.017892352875280793,-0.0021980835040956714,-0.017249437468699447,-0.014780226072236391,0.44388655498183305,0.3036458668341639,0.4081296591118462,0.33133276785533405,0.8643725435585512
2019-06-30,0.05478045230390949,0.02487007198218527,0.06422068501811773,0.07428686512524707,0.00978634055996519,0.46820286123536203,0.3111975613994226,0.4343400253962198,0.35594644049257806,0.8728315876404985
2019-07-31,0.02454721217082212,0.002470016146449483,0.0020653339457297193,0.015301093776850294,0.013314260628026098,0.47969593620909246,0.3119662244008149,0.4352370825946597,0.36139281035809107,0.8844526948827179
2019-08-31,-0.006988402106738345,-0.06513623124025558,-0.011195149631284984,-0.01174977350181039,-0.0003986944353905342,0.476343628117895,0.291645920269094,0.43036453832992855,0.3571465266912008,0.8841000685149021
2019-09-30,-0.007791209207988148,0.00859536892788526,-0.004171263386029134,-0.003649030533384612,0.000912414165680886,0.47263233525633636,0.2941527245501194,0.4285693744885476,0.3558432881104123,0.8849067339412945
2019-10-31,0.013555916684794056,-0.03289560157015292,0.023474037801128,0.014062624288864178,-0.009058447075569576,0.4790392998156109,0.28447639372254374,0.43862962818569756,0.3608473785768231,0.8768908531250721
2019-11-30,0.008957107081089877,0.012148350446504308,-0.01627042680113966,0.003269439888512915,0.019868361611701024,0.4833301061201096,0.28793231264724295,0.4314929369274911,0.36202714739000746,0.894313237688954
2019-12-31,-0.015575312794141816,0.03980382554684381,-0.01758606106056526,-0.026732007096250454,-0.00917369888563535,0.47580208853446315,0.2993931201891531,0.4239046757914816,0.3523494351169425,0.8861090773369579
2020-01-31,-0.04600403124991481,-0.06230824892511866,-0.06325188136027238,-0.06594331071121873,-0.002852178501171365,0.453913274384749,0.2807384591299394,0.3970919075302541,0.32911434683810353,0.8835817360768846
2020-02-29,-0.05063449633322736,-0.03354140671691841,-0.056816965517077045,-0.07409019208729128,-0.0173179300143691,0.4309296043573112,0.2713220962911811,0.3745303503129973,0.30473020166218506,0.8682799294095304
2020-03-31,0.010310912839903041,-0.07164731412742797,0.02861201802706881,0.028401706263210924,5.329278177690355e-05,0.43537288194797336,0.25188259682849456,0.38524641944783716,0.3133850593393235,0.8683262024623296
2020-04-30,0.011972221001389727,-0.013584161783158688,-0.00017863031354659054,0.01397200617627914,0.014505187957402521,0.44058526230866646,0.24846098288281415,0.3851776027591385,0.3177636773239661,0.8809214372373833
2020-05-31,-0.03611351643096172,-0.04832450229547658,-0.029782226654778476,-0.04397886408119345,-0.014461668818402829,0.4246741791990429,0.23645422954515724,0.3737061560914216,0.3037887917489952,0.8681818431570247
2020-06-30,-0.0092732309853224,-0.08323038923443016,-0.03415182127888505,-0.03581468164175716,-0.0017111318081821647,0.42073607744182795,0.2167740519839865,0.36094341023776827,0.2929086928861709,0.8666962695899125
2020-07-31,-0.003779848286462162,-0.028277692757741058,-0.017204186927011977,-0.025053239839150754,-0.007673206667159538,0.41914575890045663,0.21064418194413273,0.35473367233796455,0.2855703811523215,0.860045929995693
2020-08-31,0.012490609567343158,0.0452095893948965,0.014346950068326425,0.015207402522998237,0.0011813939794076411,0.42438114492669,0.22016731891825084,0.3598230186225514,0.28991316488715085,0.861061983079404
2020-09-30,0.03740663036268077,0.042689135884833807,0.03981679665285531,0.05225971190812184,0.012523427093286132,0.4402558135478539,0.22956607151295158,0.3741500185860621,0.3050639433625252,0.8718454300472992
2020-10-31,0.039059297751389055,-0.001330085568466699,0.027265982974581604,0.02973917313121821,0.0025814863331770077,0.4574518964559996,0.22926072899422262,0.3843515866227691,0.31413629279027544,0.8740960871096092
2020-11-30,0.03778935725533761,0.1351750759827839,0.021731873072087682,0.03853128468193434,0.01659637890430421,0.47473870959830705,0.2602510654558851,0.3927042665183106,0.326240367716705,0.8886029169700499
2020-12-31,0.04602755535818415,-0.06130007137287374,0.04081547067667968,0.044561767293884724,0.003641482670051266,0.496589771835016,0.2442976565685729,0.4087326759929957,0.3407782150647682,0.8918387490927533
2021-01-31,0.08142221153123019,-0.004987905057503239,0.02295004509554044,0.073351166407988,0.049965374141864416,0.5370232092816121,0.24307912305183835,0.4181131093390558,0.3657746946262011,0.9363998058653851
2021-02-28,-0.007743891772264089,0.01675383786006912,0.008037221864252597,0.005953939286582166,-0.0011402864757817932,0.5328645596697413,0.24715163126661663,0.4214735771631663,0.36795249495057364,0.9353320418308321
2021-03-31,-0.049154431196118065,-0.017957066429341695,-0.040984249169646825,-0.05353874027384953,-0.012792802426543126,0.5066719053346053,0.24271351300584182,0.40419979905828873,0.34825278189029996,0.9233665238164751
2021-04-30,0.0003892210983194033,-0.09474409520884597,-0.048987212411785386,-0.02806702971912589,0.0221996763099932,0.5068691127300872,0.21971784082114287,0.38439917764501935,0.3384783607112166,0.9438649617606845
2021-05-31,-0.025561005547875104,0.010753122365796619,0.007982997176307904,-0.02089249096078727,-0.028611816173373383,0.49391302852754687,0.22208049364944124,0.3874678351947346,0.33140670461963545,0.9168592709822997
2021-06-30,-0.05843454776208823,-0.016314248643193197,-0.052997771023000184,-0.07945893746397126,-0.027463797192073813,0.46505144407173626,0.21845741725724116,0.3669329035863065,0.30507348000212303,0.8916788339103692
2021-07-31,-0.10326235927786054,0.025665545473036566,-0.09953002551367018,-0.12896979369949169,-0.03190160218833882,0.41702913477131276,0.224064246033779,0.3304120623305563,0.2657282162230632,0.8632328504711987
2021-08-31,-0.0624542220880453,0.11119066710642334,-0.0782033886570378,-0.07239380306023635,0.006606617286684546,0.3909839045711198,0.24897809902497267,0.3045727194031464,0.24649114007026285,0.8689358995435557
2021-09-30,0.05255042720362324,-0.040710822580851014,0.05012677588366765,0.07145180033747955,0.02066522378921265,0.4115302757860728,0.23884199580904947,0.31983996784894714,0.26410337579552096,0.886892654366104
2021-10-31,0.010093713366482016,0.05648936258224313,0.03273405883815972,0.022872786383432375,-0.009365627936002041,0.4156841444314867,0.25233402791017345,0.3303096281753097,0.27014415589323526,0.8785863477461378
2021-11-30,-0.09878140435953275,-0.03982100254075516,-0.06256596391781044,-0.11328611589438853,-0.05368514011345371,0.3746222808745536,0.24228583394364345,0.3096434878971879,0.23954057374052246,0.8314193165656187
2021-12-31,0.02670929767155661,0.048690265574990566,0.019053915337487126,0.03831192313632248,0.019311231438024157,0.38462817888882955,0.2540827955434175,0.3155434087003851,0.24871783378969994,0.8474750474098612
2022-01-31,0.05771108426054927,0.09213473440301767,0.04161837172599303,0.06680077184678623,0.025364252796537645,0.4068254881296644,0.2774926464271865,0.32867581157936465,0.2653323770589126,0.8689706187511227
2022-02-28,-0.0575287648137468,-0.030426098519849565,-0.03191350770276702,-0.05340194476179305,-0.021961387403577115,0.38342132030281517,0.26904962782845915,0.3181866135348134,0.2511631121156973,0.8498868183504031
2022-03-31,0.00968267107552978,-0.07901104766129097,0.018958278783823834,0.03050122878693995,0.011139467534471592,0.38713386283065265,0.24779173486085215,0.32421888405948723,0.258823895661178,0.8593541049713929
2022-04-30,0.11501100319928814,0.07696600517223828,0.08205246345046491,0.13191708405081592,0.04753063733749574,0.4316585167672216,0.2668632748077904,0.3508218421937288,0.29296718925947324,0.9001997532792764
2022-05-31,-0.08215062957822561,0.011551938828492592,-0.06470734921186039,-0.09691115745490442,-0.03394860407172662,0.3961974978519913,0.2699460630339412,0.32812109073975104,0.26457539985202766,0.8696392282697323
2022-06-30,-0.0057504771359672135,-0.023498715707229945,0.014315817584611645,-0.014686633210750477,-0.02813035343362036,0.393919173199266,0.26360267724242065,0.33281841242044513,0.2606896779978133,0.8451759694187638
2022-07-31,-0.08706437383921894,0.02432053470699902,-0.06448112006625684,-0.10384441662727983,-0.04175980815450475,0.35962284704140907,0.2700136353031528,0.31135790840890143,0.23361851046537693,0.8098815830790387
2022-08-31,0.028369418178155303,0.001105054910035097,0.009310447067079508,0.038717356503192635,0.030100344158993098,0.36982513797554556,0.27031201519662096,0.31425678973405907,0.24266360162080977,0.8342592974577479
2022-09-30,0.025662884051065316,-0.0008870747772050658,0.01633469891790451,0.038302291801198374,0.0222117549143499,0.3793159176105812,0.27007222822596455,0.31939007977727213,0.25195817369961976,0.8527896605078971
2022-10-31,-0.10357910302433415,-0.1231293994190592,-0.13504916003807055,-0.14527433767806397,-0.011505032072768873,0.34002671510162497,0.23681839696473445,0.2762567177788592,0.2153551168928329,0.842978288112428
2022-11-30,0.048599629818141254,0.037825343316566507,0.07206647573538305,0.0840558327316916,0.011720042713002199,0.35655188758384254,0.24577613413360447,0.2961655658274059,0.23345697057629075,0.8528580296552392
2022-12-31,0.05327160453114188,0.006044749354758849,0.06079557967189353,0.05938497540452836,-0.0009676542698238144,0.37554597873404116,0.2472617892618237,0.31417112308073736,0.24732080703197948,0.8520327579412897
2023-01-31,-0.009337405389168718,0.008007837052330657,-0.006554199175907494,-0.01695833945689884,-0.010322272009450906,0.3720393536883293,0.24924182137950013,0.3121119829647477,0.243126656831577,0.8432378440528571
2023-02-28,-0.04246484874913781,-0.001955261347452386,-0.03573863740427774,-0.046763980490306056,-0.011202599940164926,0.35624075880522743,0.24875448847998816,0.3009575259760405,0.2317570865948318,0.8337913878315257
2023-03-31,0.006553105866780928,0.03373549159536049,-0.02506769853281865,-0.016889266044066154,0.008574940634364703,0.3585752422117405,0.257146343435413,0.29341321344369015,0.227842879501734,0.8409410994836256
2023-04-30,0.016475781548322743,0.003946081352379283,0.021246928667036702,0.02767688870245477,0.006540683536006453,0.36448304957105804,0.258161063826076,0.29964734305969426,0.23414886151935033,0.8464414290877693
2023-05-31,-0.03424375167979299,-0.0196955405149265,-0.039090179817633075,-0.046260317072183366,-0.007251706016869974,0.35200178253005304,0.253076442134113,0.2879340745376148,0.22331706094337442,0.8403032846835256
2023-06-30,0.0045151659956566,0.05321576592408861,0.00698778925562249,-0.007939043394326273,-0.014485632277021265,0.35359112900894324,0.2665440988396231,0.28994609716999636,0.22154413710585155,0.8281309603004269
2023-07-31,0.05872186554117409,0.03573441430676838,0.04932208288043394,0.07880216285327446,0.028285808876205465,0.37435465974315835,0.27606889609858243,0.3042468426054733,0.23900229427725503,0.8515553143679533
2023-08-31,-0.0001697762860766172,-0.013061738882061413,0.0028403299779768965,0.008149779582464989,0.005672954819015974,0.37429110319935166,0.2724629562642838,0.30511100403323044,0.2409501102953181,0.8563861491922556
2023-09-30,-0.01653449452158673,-0.04725571485271374,0.007105635583637415,0.0022630737013134006,-0.004673281288159581,0.3681023890040233,0.2595875244951314,0.3072790116404483,0.241495398153256,0.8523840158257965
2023-10-31,-0.014764866869745319,-0.044763225694334774,-0.010530199835259269,-0.021584455434087713,-0.011041304684825115,0.3626674062359437,0.24796754954872216,0.30404330224269344,0.23628285149427977,0.8429725841985891
2023-11-30,-0.040171613290736374,-0.03673465161308087,-0.022363767820472225,-0.0379991590069495,-0.01575002775208567,0.348098471439479,0.2388585480047005,0.29724374842396817,0.2273043018497332,0.829695742603214
2023-12-31,0.012799469282109177,0.03146699567933586,0.0038099015452226492,0.014408516469508914,0.010768542844591833,0.35255394713181776,0.24637470890273686,0.2983762178403964,0.23057941962652528,0.8386303567554121
2024-01-31,0.14580741038450618,0.12581498867748242,0.1155753271271911,0.183670019885535,0.06213255382589811,0.4039589251839442,0.2773723401137527,0.33286114682427426,0.2729299462145243,0.8907366025365498
2024-02-29,-0.03390044242097989,-0.02587647303036511,-0.06857971622426362,-0.055833072296433195,0.014345243924274609,0.390264538900305,0.27019492223542996,0.3100336238329826,0.25769142879566714,0.9035144363722163
2024-03-31,-0.014346473704344054,0.04790815547244476,0.010226491775133573,-0.02031776032359145,-0.02979834679390192,0.3846656189552338,0.2831394625777501,0.3132041801371255,0.2524557161079529,0.8765911998639001
2024-04-30,0.004408392234962477,-0.005770405342574114,-0.010911994464158026,0.0049395146780215615,0.016918742113622764,0.3863613758828931,0.2815056331101979,0.309786497857318,0.2537027248232186,0.8914220203134686
2024-05-31,0.01851770043417167,0.04200529174300849,0.02338474351514952,0.024437152432194242,0.001137804512047147,0.39351590010082693,0.29333035935629204,0.31703077565416776,0.2599024969821866,0.8924362843103195
2024-06-30,0.0540637104841275,0.047969581156918295,0.04288173561591502,0.05951626493633433,0.016847305927779166,0.4147908297947789,0.3074012938352217,0.33062560555787823,0.27537092285019327,0.907471431413146
2024-07-31,-0.0071729970995789705,-0.019605697764423446,-7.154687633903478e-06,-0.010700767782681142,-0.010455957694065598,0.411815536375729,0.3013744769758956,0.3306232400349467,0.27242424255067077,0.897982948517717
2024-08-31,0.017341358725133427,0.0024152321790633646,0.033717845250672784,0.035726899810058166,0.0022199423761821713,0.4189569773206037,0.30210236631063614,0.34177114327872105,0.2821571161701096,0.8999764189182204
2024-09-30,-0.022555824432150207,-0.02110533344141341,-0.051234446247757526,-0.048553391957481096,0.0031690867436278136,0.4095070572955358,0.29572639513621013,0.3242606880093728,0.2684574311151097,0.9028285222569918
2024-10-31,-0.10128801986329439,0.035963155248280865,-0.07502027453076021,-0.11677086784628332,-0.043865001869609066,0.36802889834202634,0.3063616493955081,0.29993456217537645,0.23710942390401454,0.8632259474402525
2024-11-30,-0.009424563670326402,-0.011018134665530033,0.0020878184765846797,-0.020765659509181966,-0.021671982314482308,0.36456038655708184,0.3029861154861145,0.30056077109605256,0.2321856903408055,0.8445181299739251
2024-12-31,0.040494781797049795,0.05118363425806138,0.04338803675652714,0.05849441545011147,0.015294798677973676,0.379323179862559,0.3184940460064265,0.3136015128799382,0.2457672565731715,0.857434864751775
2025-01-31,-0.013569795742649493,0.012537608585750037,-0.015767222161031103,-0.022296909943940513,-0.006205704980297155,0.37417584179137175,0.32248719969214695,0.30865688815632475,0.24028740618619018,0.8521138769413045
2025-02-28,-0.052042496603866395,-0.021510611604480534,-0.0273703172104236,-0.05043543417648899,-0.023316852205994443,0.35470279681569544,0.3155503027921526,0.3002088512183039,0.22816840652804732,0.8322452636099872
2025-03-31,0.005503543064140359,-0.014654413386376963,0.010361604225600063,0.016416336423958233,0.006169279049490495,0.35665491893294166,0.31092609821084,0.30331949651965,0.2319140958509302,0.837379616878814
2025-04-30,0.007869535963418661,-0.011131974889026064,0.021982183747626616,0.023949428964821218,0.0031104169680573612,0.3594616276440146,0.3074648766932141,0.3099871214263826,0.2374683060154528,0.8399842166478593
2025-05-31,0.004253208483993243,-0.026469240273862327,0.009372662487039607,0.0026856789230391698,-0.0063096205716060005,0.36099049288838014,0.29932651499624796,0.312892526090841,0.23810606963980832,0.8346842349546736
2025-06-30,-0.02908869631721145,0.0348652509185674,-0.030060855480546267,-0.04119391890411794,-0.011344977237079501,0.35048975006734956,0.3097626090481725,0.3034867090830812,0.2282975475164878,0.8252147613089637
2025-07-31,-0.012440076190709082,-0.07034413948060125,-0.028195706099663265,-0.024028056988992574,0.004362064152777734,0.34612963087244913,0.2879726248714129,0.2949296870286206,0.22281200103431437,0.8288144010376125
2025-08-31,-0.012875242323156844,0.060268242069978495,-0.053348233654152866,-0.04111530694862098,0.013014848243545263,0.34167312799974153,0.3053282287366903,0.2791957091734716,0.21365101721995208,0.8396012946891819
2025-09-30,0.011896115001687635,0.01779954634061509,-0.04832276478447772,-0.01649668882423838,0.033399285550820945,0.3457377108234128,0.31076293269318694,0.26570420059024646,0.21012648287189253,0.8676433780793448
2025-10-31,0.02494466517005689,0.055890035703244356,0.03889524134616651,0.03922879550622582,9.618607331352003e-05,0.3543620222565648,0.3281314840966541,0.27603882959889436,0.21836949169891648,0.8677268332889188
