,date,f41,f42,f43,f44,f45,f47,f48,f49,f411,clqn_prc
504,2013-01-04,0.0,-1.0,,,,-1.0,-1.0,,,2276.992
505,2013-01-11,0.0,-1.0,,,,-1.0,-1.0,,0.0,2242.997
506,2013-01-18,0.0,-1.0,,,,-1.0,-1.0,,0.0,2317.07
507,2013-01-25,0.0,-1.0,0.0,0.0,,1.0,-1.0,-1.0,0.0,2291.304
508,2013-02-01,0.0,-1.0,0.0,0.0,,-1.0,-1.0,-1.0,0.0,2419.02
509,2013-02-08,0.0,-1.0,0.0,0.0,,-1.0,-1.0,-1.0,0.0,2432.402
510,2013-02-15,,,0.0,0.0,,,,-1.0,0.0,
511,2013-02-22,0.0,-1.0,0.0,0.0,,1.0,-1.0,-1.0,,2314.164
512,2013-03-01,0.0,-1.0,0.0,0.0,,1.0,-1.0,-1.0,0.0,2359.506
513,2013-03-08,0.0,-1.0,0.0,0.0,,-1.0,-1.0,-1.0,0.0,2318.611
514,2013-03-15,0.0,-1.0,0.0,0.0,,1.0,-1.0,-1.0,0.0,2278.401
515,2013-03-22,0.0,-1.0,0.0,0.0,,-1.0,-1.0,-1.0,0.0,2328.278
516,2013-03-29,0.0,-1.0,0.0,0.0,,-1.0,-1.0,-1.0,0.0,2236.621
517,2013-04-05,0.0,-1.0,0.0,0.0,,1.0,-1.0,-1.0,0.0,
518,2013-04-12,0.0,-1.0,0.0,0.0,,1.0,-1.0,-1.0,0.0,2206.78
519,2013-04-19,0.0,-1.0,0.0,0.0,,-1.0,-1.0,-1.0,0.0,2244.643
520,2013-04-26,0.0,-1.0,0.0,0.0,,1.0,-1.0,-1.0,0.0,2177.912
521,2013-05-03,0.0,-1.0,0.0,0.0,,1.0,-1.0,-1.0,0.0,2205.497
522,2013-05-10,0.0,-1.0,0.0,0.0,,-1.0,-1.0,-1.0,0.0,2246.831
523,2013-05-17,0.0,-1.0,0.0,0.0,,1.0,-1.0,-1.0,0.0,2282.87
524,2013-05-24,0.0,-1.0,0.0,0.0,,1.0,-1.0,-1.0,0.0,2288.533
525,2013-05-31,0.0,-1.0,0.0,0.0,,1.0,-1.0,1.0,0.0,2300.595
526,2013-06-07,0.0,-1.0,0.0,0.0,,1.0,-1.0,1.0,0.0,2210.898
527,2013-06-14,-1.0,-1.0,0.0,0.0,,-1.0,-1.0,1.0,0.0,2162.041
528,2013-06-21,-1.0,-1.0,0.0,0.0,,1.0,-1.0,1.0,0.0,2073.095
529,2013-06-28,0.0,-1.0,0.0,0.0,,-1.0,-1.0,1.0,0.0,1979.206
530,2013-07-05,0.0,-1.0,0.0,0.0,,-1.0,-1.0,1.0,0.0,2007.199
531,2013-07-12,0.0,-1.0,0.0,0.0,,1.0,-1.0,1.0,0.0,2039.486
532,2013-07-19,0.0,-1.0,0.0,0.0,,-1.0,-1.0,1.0,0.0,1992.648
533,2013-07-26,0.0,-1.0,0.0,0.0,,1.0,-1.0,1.0,0.0,2010.85
534,2013-08-02,0.0,-1.0,0.0,0.0,,-1.0,-1.0,1.0,0.0,2029.418
535,2013-08-09,0.0,-1.0,0.0,0.0,,1.0,-1.0,1.0,-1.0,2052.235
536,2013-08-16,0.0,-1.0,0.0,0.0,,1.0,-1.0,1.0,-1.0,2068.452
537,2013-08-23,0.0,-1.0,0.0,0.0,,-1.0,-1.0,1.0,-1.0,2057.458
538,2013-08-30,0.0,-1.0,0.0,0.0,,-1.0,-1.0,1.0,-1.0,2098.382
539,2013-09-06,0.0,-1.0,0.0,0.0,,1.0,-1.0,1.0,-1.0,2139.993
540,2013-09-13,0.0,-1.0,0.0,0.0,,1.0,-1.0,1.0,-1.0,2236.217
541,2013-09-20,0.0,-1.0,0.0,0.0,,-1.0,-1.0,1.0,-1.0,
542,2013-09-27,0.0,-1.0,0.0,0.0,,-1.0,-1.0,-1.0,-1.0,2160.027
543,2013-10-04,0.0,-1.0,0.0,0.0,,1.0,-1.0,-1.0,-1.0,
544,2013-10-11,0.0,-1.0,0.0,0.0,,-1.0,-1.0,-1.0,-1.0,2228.146
545,2013-10-18,0.0,-1.0,0.0,0.0,,1.0,-1.0,-1.0,-1.0,2193.78
546,2013-10-25,0.0,-1.0,0.0,0.0,,1.0,-1.0,-1.0,-1.0,2132.955
547,2013-11-01,0.0,-1.0,0.0,0.0,,-1.0,-1.0,-1.0,-1.0,2149.562
548,2013-11-08,0.0,-1.0,0.0,0.0,,-1.0,-1.0,-1.0,-1.0,2106.127
549,2013-11-15,0.0,-1.0,0.0,0.0,,1.0,-1.0,-1.0,-1.0,2135.827
550,2013-11-22,0.0,-1.0,0.0,0.0,,1.0,-1.0,-1.0,-1.0,2196.378
551,2013-11-29,0.0,-1.0,0.0,0.0,,-1.0,-1.0,-1.0,-1.0,2220.504
552,2013-12-06,0.0,-1.0,0.0,0.0,,1.0,-1.0,-1.0,-1.0,2237.108
553,2013-12-13,0.0,-1.0,0.0,0.0,,1.0,-1.0,-1.0,-1.0,2196.075
554,2013-12-20,0.0,-1.0,0.0,0.0,,1.0,-1.0,-1.0,-1.0,2084.794
555,2013-12-27,0.0,-1.0,-1.0,0.0,,-1.0,-1.0,1.0,-1.0,2101.251
556,2014-01-03,-1.0,-1.0,-1.0,0.0,,-1.0,-1.0,1.0,-1.0,2083.136
557,2014-01-10,-1.0,-1.0,-1.0,0.0,,1.0,-1.0,1.0,-1.0,2013.298
558,2014-01-17,-1.0,-1.0,-1.0,0.0,,-1.0,-1.0,1.0,-1.0,2004.949
559,2014-01-24,-1.0,-1.0,-1.0,0.0,,-1.0,-1.0,1.0,-1.0,2054.392
560,2014-01-31,-1.0,-1.0,-1.0,0.0,,-1.0,-1.0,1.0,-1.0,
561,2014-02-07,-1.0,-1.0,-1.0,0.0,,-1.0,-1.0,1.0,-1.0,2044.497
562,2014-02-14,0.0,-1.0,-1.0,0.0,,-1.0,-1.0,1.0,-1.0,2115.848
563,2014-02-21,0.0,-1.0,-1.0,0.0,,1.0,-1.0,1.0,-1.0,2113.693
564,2014-02-28,0.0,-1.0,-1.0,0.0,,1.0,-1.0,1.0,-1.0,2056.302
565,2014-03-07,0.0,-1.0,-1.0,0.0,,1.0,-1.0,1.0,-1.0,2057.908
566,2014-03-14,0.0,-1.0,-1.0,0.0,,1.0,-1.0,1.0,-1.0,2004.339
567,2014-03-21,0.0,-1.0,-1.0,0.0,,-1.0,-1.0,1.0,-1.0,2047.619
568,2014-03-28,0.0,-1.0,-1.0,0.0,,1.0,-1.0,1.0,-1.0,2041.712
569,2014-04-04,0.0,-1.0,-1.0,0.0,,1.0,-1.0,1.0,-1.0,2058.831
570,2014-04-11,0.0,-1.0,-1.0,0.0,,-1.0,-1.0,1.0,-1.0,2130.542
571,2014-04-18,0.0,-1.0,-1.0,0.0,,1.0,-1.0,1.0,-1.0,2097.748
572,2014-04-25,0.0,-1.0,-1.0,0.0,,1.0,-1.0,1.0,-1.0,2036.519
573,2014-05-02,-1.0,-1.0,-1.0,0.0,,1.0,-1.0,1.0,-1.0,
574,2014-05-09,-1.0,-1.0,-1.0,0.0,,-1.0,-1.0,1.0,-1.0,2011.135
575,2014-05-16,0.0,-1.0,-1.0,0.0,,-1.0,-1.0,1.0,-1.0,2026.504
576,2014-05-23,-1.0,-1.0,-1.0,0.0,,-1.0,-1.0,1.0,-1.0,2034.569
577,2014-05-30,-1.0,-1.0,-1.0,0.0,,-1.0,-1.0,1.0,-1.0,2039.212
578,2014-06-06,-1.0,-1.0,-1.0,0.0,,1.0,-1.0,1.0,-1.0,2029.956
579,2014-06-13,-1.0,-1.0,-1.0,0.0,,1.0,-1.0,1.0,-1.0,2070.715
580,2014-06-20,-1.0,-1.0,-1.0,0.0,,-1.0,-1.0,1.0,-1.0,2026.674
581,2014-06-27,-1.0,-1.0,-1.0,0.0,,-1.0,-1.0,1.0,-1.0,2036.51
582,2014-07-04,0.0,-1.0,-1.0,0.0,,-1.0,-1.0,1.0,-1.0,2059.375
583,2014-07-11,0.0,-1.0,-1.0,0.0,,-1.0,-1.0,1.0,-1.0,2046.961
584,2014-07-18,0.0,-1.0,-1.0,0.0,,1.0,-1.0,1.0,-1.0,2059.067
585,2014-07-25,0.0,-1.0,-1.0,0.0,,-1.0,-1.0,-1.0,-1.0,2126.614
586,2014-08-01,0.0,-1.0,-1.0,0.0,,-1.0,-1.0,-1.0,-1.0,2185.303
587,2014-08-08,0.0,-1.0,-1.0,0.0,,-1.0,-1.0,-1.0,-1.0,2194.425
588,2014-08-15,0.0,-1.0,-1.0,0.0,,-1.0,-1.0,-1.0,-1.0,2226.734
589,2014-08-22,0.0,-1.0,-1.0,0.0,,1.0,-1.0,-1.0,-1.0,2240.812
590,2014-08-29,0.0,-1.0,-1.0,0.0,,1.0,-1.0,-1.0,-1.0,2217.2
591,2014-09-05,0.0,-1.0,-1.0,0.0,,-1.0,-1.0,-1.0,-1.0,2326.432
592,2014-09-12,0.0,-1.0,-1.0,0.0,,-1.0,-1.0,-1.0,-1.0,2331.95
593,2014-09-19,0.0,-1.0,-1.0,0.0,,1.0,-1.0,-1.0,-1.0,2329.451
594,2014-09-26,0.0,-1.0,-1.0,0.0,,-1.0,-1.0,-1.0,-1.0,2347.718
595,2014-10-03,0.0,-1.0,-1.0,0.0,,-1.0,-1.0,-1.0,-1.0,
596,2014-10-10,0.0,-1.0,-1.0,0.0,,-1.0,-1.0,-1.0,-1.0,2374.54
597,2014-10-17,0.0,-1.0,-1.0,0.0,,1.0,-1.0,-1.0,-1.0,2341.184
598,2014-10-24,0.0,-1.0,-1.0,0.0,,1.0,-1.0,-1.0,-1.0,2302.28
599,2014-10-31,0.0,-1.0,-1.0,0.0,,1.0,-1.0,-1.0,-1.0,2420.178
600,2014-11-07,0.0,-1.0,-1.0,0.0,,1.0,-1.0,-1.0,-1.0,2418.171
601,2014-11-14,0.0,-1.0,-1.0,0.0,,-1.0,-1.0,-1.0,-1.0,2478.824
602,2014-11-21,0.0,-1.0,-1.0,0.0,-1.0,-1.0,-1.0,-1.0,-1.0,2486.791
603,2014-11-28,0.0,-1.0,-1.0,0.0,-1.0,-1.0,-1.0,-1.0,-1.0,2682.835
604,2014-12-05,1.0,1.0,-1.0,0.0,-1.0,-1.0,-1.0,-1.0,-1.0,2937.647
605,2014-12-12,1.0,1.0,-1.0,0.0,-1.0,1.0,-1.0,-1.0,-1.0,2938.173
606,2014-12-19,1.0,-1.0,-1.0,0.0,-1.0,-1.0,-1.0,-1.0,-1.0,3108.596
607,2014-12-26,1.0,1.0,-1.0,0.0,-1.0,1.0,1.0,1.0,-1.0,3157.603
608,2015-01-02,1.0,1.0,-1.0,0.0,-1.0,1.0,-1.0,1.0,-1.0,
609,2015-01-09,1.0,-1.0,-1.0,0.0,-1.0,1.0,-1.0,1.0,-1.0,3285.412
610,2015-01-16,1.0,-1.0,-1.0,0.0,-1.0,1.0,1.0,1.0,-1.0,3376.495
611,2015-01-23,1.0,1.0,-1.0,0.0,-1.0,-1.0,1.0,1.0,-1.0,3351.764
612,2015-01-30,0.0,-1.0,-1.0,0.0,-1.0,1.0,-1.0,-1.0,-1.0,3210.363
613,2015-02-06,0.0,-1.0,-1.0,0.0,-1.0,-1.0,-1.0,-1.0,-1.0,3075.907
614,2015-02-13,0.0,-1.0,-1.0,0.0,-1.0,-1.0,-1.0,-1.0,-1.0,3203.827
615,2015-02-20,0.0,-1.0,-1.0,0.0,-1.0,-1.0,-1.0,-1.0,-1.0,
616,2015-02-27,0.0,-1.0,-1.0,0.0,-1.0,-1.0,-1.0,-1.0,-1.0,3310.303
617,2015-03-06,0.0,-1.0,-1.0,0.0,-1.0,-1.0,-1.0,-1.0,-1.0,3241.187
618,2015-03-13,0.0,-1.0,-1.0,0.0,-1.0,1.0,-1.0,-1.0,-1.0,3372.911
619,2015-03-20,0.0,-1.0,-1.0,0.0,-1.0,-1.0,-1.0,-1.0,-1.0,3617.318
620,2015-03-27,1.0,-1.0,-1.0,0.0,-1.0,1.0,-1.0,-1.0,-1.0,3691.096
621,2015-04-03,0.0,-1.0,-1.0,0.0,-1.0,-1.0,-1.0,-1.0,-1.0,3863.929
622,2015-04-10,1.0,-1.0,-1.0,0.0,-1.0,1.0,-1.0,-1.0,-1.0,4034.31
623,2015-04-17,1.0,-1.0,-1.0,0.0,-1.0,1.0,-1.0,-1.0,-1.0,4287.296
624,2015-04-24,1.0,-1.0,-1.0,0.0,-1.0,1.0,-1.0,-1.0,-1.0,4393.686
625,2015-05-01,1.0,-1.0,-1.0,0.0,-1.0,-1.0,-1.0,-1.0,-1.0,
626,2015-05-08,1.0,-1.0,-1.0,0.0,-1.0,1.0,-1.0,-1.0,-1.0,4205.917
627,2015-05-15,1.0,-1.0,-1.0,0.0,-1.0,-1.0,-1.0,-1.0,-1.0,4308.691
628,2015-05-22,1.0,-1.0,-1.0,0.0,-1.0,-1.0,-1.0,-1.0,-1.0,4657.596
629,2015-05-29,1.0,-1.0,-1.0,0.0,-1.0,1.0,-1.0,-1.0,-1.0,4611.744
630,2015-06-05,1.0,-1.0,-1.0,0.0,-1.0,1.0,-1.0,-1.0,-1.0,5023.096
631,2015-06-12,1.0,-1.0,-1.0,0.0,-1.0,-1.0,-1.0,-1.0,-1.0,5166.35
632,2015-06-19,0.0,-1.0,-1.0,0.0,-1.0,1.0,1.0,-1.0,-1.0,4478.3643
633,2015-06-26,0.0,-1.0,-1.0,0.0,-1.0,1.0,-1.0,1.0,-1.0,4192.8734
634,2015-07-03,0.0,-1.0,-1.0,0.0,-1.0,1.0,-1.0,1.0,-1.0,3686.9153
635,2015-07-10,0.0,-1.0,-1.0,0.0,-1.0,1.0,-1.0,1.0,-1.0,3877.8034
636,2015-07-17,0.0,-1.0,-1.0,0.0,-1.0,1.0,-1.0,1.0,-1.0,3957.3516
637,2015-07-24,0.0,-1.0,-1.0,0.0,-1.0,-1.0,-1.0,1.0,-1.0,4070.908
638,2015-07-31,0.0,-1.0,-1.0,0.0,-1.0,1.0,-1.0,1.0,-1.0,3663.7256
639,2015-08-07,0.0,-1.0,-1.0,0.0,-1.0,1.0,-1.0,1.0,-1.0,3744.2045
640,2015-08-14,0.0,-1.0,-1.0,0.0,-1.0,-1.0,-1.0,1.0,-1.0,3965.3349
641,2015-08-21,0.0,-1.0,-1.0,0.0,-1.0,1.0,-1.0,1.0,-1.0,3507.744
642,2015-08-28,0.0,-1.0,-1.0,0.0,-1.0,1.0,-1.0,1.0,-1.0,3232.3495
643,2015-09-04,0.0,-1.0,-1.0,0.0,-1.0,1.0,-1.0,1.0,-1.0,
644,2015-09-11,0.0,-1.0,-1.0,0.0,-1.0,-1.0,-1.0,1.0,-1.0,3200.2337
645,2015-09-18,0.0,-1.0,-1.0,0.0,-1.0,-1.0,-1.0,1.0,-1.0,3097.9172
646,2015-09-25,0.0,-1.0,-1.0,0.0,-1.0,-1.0,-1.0,1.0,-1.0,3092.347
647,2015-10-02,0.0,-1.0,-1.0,0.0,-1.0,1.0,-1.0,1.0,-1.0,
648,2015-10-09,0.0,-1.0,-1.0,0.0,-1.0,1.0,-1.0,1.0,-1.0,3183.1516
649,2015-10-16,0.0,-1.0,-1.0,0.0,-1.0,-1.0,-1.0,1.0,-1.0,3391.3516
650,2015-10-23,0.0,-1.0,-1.0,0.0,-1.0,1.0,-1.0,1.0,-1.0,3412.4338
651,2015-10-30,0.0,-1.0,-1.0,0.0,-1.0,1.0,-1.0,1.0,-1.0,3382.5612
652,2015-11-06,0.0,-1.0,-1.0,0.0,-1.0,-1.0,-1.0,1.0,-1.0,3590.0324
653,2015-11-13,0.0,-1.0,-1.0,0.0,-1.0,-1.0,-1.0,1.0,-1.0,3580.8388
654,2015-11-20,0.0,-1.0,-1.0,0.0,-1.0,1.0,-1.0,1.0,-1.0,3630.4995
655,2015-11-27,0.0,-1.0,-1.0,0.0,-1.0,-1.0,-1.0,1.0,-1.0,3436.303
656,2015-12-04,0.0,-1.0,-1.0,0.0,-1.0,1.0,-1.0,1.0,-1.0,3524.992
657,2015-12-11,0.0,-1.0,-1.0,0.0,-1.0,-1.0,-1.0,1.0,-1.0,3434.5813
658,2015-12-18,0.0,-1.0,-1.0,0.0,-1.0,-1.0,-1.0,1.0,-1.0,3578.964
659,2015-12-25,0.0,-1.0,-1.0,0.0,-1.0,1.0,-1.0,1.0,-1.0,3627.914
660,2016-01-01,0.0,-1.0,-1.0,0.0,-1.0,-1.0,-1.0,1.0,-1.0,
661,2016-01-08,0.0,-1.0,-1.0,0.0,-1.0,1.0,-1.0,1.0,-1.0,3186.412
662,2016-01-15,0.0,-1.0,-1.0,0.0,-1.0,1.0,-1.0,1.0,-1.0,2900.9698
663,2016-01-22,0.0,-1.0,-1.0,0.0,-1.0,-1.0,-1.0,1.0,-1.0,2916.562
664,2016-01-29,0.0,-1.0,-1.0,-1.0,-1.0,-1.0,-1.0,1.0,-1.0,2737.6
665,2016-02-05,0.0,-1.0,-1.0,-1.0,-1.0,-1.0,-1.0,1.0,-1.0,2763.492
666,2016-02-12,,,-1.0,-1.0,-1.0,,,1.0,-1.0,
667,2016-02-19,0.0,-1.0,-1.0,-1.0,-1.0,-1.0,-1.0,1.0,,2860.021
668,2016-02-26,0.0,-1.0,-1.0,-1.0,-1.0,1.0,-1.0,1.0,-1.0,2767.21
669,2016-03-04,0.0,-1.0,-1.0,-1.0,-1.0,1.0,-1.0,1.0,-1.0,2874.147
670,2016-03-11,0.0,-1.0,-1.0,-1.0,-1.0,1.0,-1.0,1.0,-1.0,2810.307
671,2016-03-18,0.0,-1.0,-1.0,-1.0,-1.0,-1.0,-1.0,1.0,-1.0,2955.15
672,2016-03-25,0.0,-1.0,-1.0,0.0,-1.0,-1.0,-1.0,1.0,-1.0,2979.434
673,2016-04-01,0.0,-1.0,-1.0,0.0,-1.0,1.0,-1.0,1.0,-1.0,3009.53
674,2016-04-08,0.0,-1.0,-1.0,0.0,-1.0,1.0,-1.0,1.0,-1.0,2984.958
675,2016-04-15,0.0,-1.0,-1.0,0.0,-1.0,1.0,-1.0,1.0,-1.0,3078.117
676,2016-04-22,0.0,-1.0,-1.0,0.0,-1.0,1.0,-1.0,1.0,-1.0,2959.24
677,2016-04-29,0.0,-1.0,-1.0,0.0,-1.0,1.0,-1.0,1.0,-1.0,2938.324
678,2016-05-06,0.0,-1.0,-1.0,0.0,-1.0,-1.0,-1.0,1.0,-1.0,2913.248
679,2016-05-13,0.0,-1.0,-1.0,0.0,-1.0,1.0,-1.0,1.0,-1.0,2827.109
680,2016-05-20,0.0,-1.0,-1.0,0.0,-1.0,1.0,-1.0,1.0,-1.0,2825.483
681,2016-05-27,0.0,-1.0,-1.0,0.0,-1.0,1.0,-1.0,-1.0,-1.0,2821.046
682,2016-06-03,0.0,-1.0,-1.0,0.0,-1.0,-1.0,-1.0,-1.0,-1.0,2938.682
683,2016-06-10,0.0,-1.0,-1.0,0.0,-1.0,-1.0,-1.0,-1.0,-1.0,
684,2016-06-17,0.0,-1.0,-1.0,0.0,-1.0,-1.0,-1.0,-1.0,-1.0,2885.105
685,2016-06-24,0.0,-1.0,-1.0,0.0,-1.0,1.0,-1.0,-1.0,-1.0,2854.286
686,2016-07-01,0.0,-1.0,-1.0,0.0,-1.0,-1.0,-1.0,-1.0,-1.0,2932.476
687,2016-07-08,0.0,-1.0,-1.0,0.0,-1.0,-1.0,-1.0,-1.0,-1.0,2988.094
688,2016-07-15,0.0,-1.0,-1.0,0.0,-1.0,1.0,-1.0,-1.0,-1.0,3054.296
689,2016-07-22,0.0,-1.0,-1.0,0.0,-1.0,1.0,-1.0,-1.0,-1.0,3012.816
690,2016-07-29,0.0,-1.0,-1.0,-1.0,-1.0,1.0,-1.0,1.0,-1.0,2979.339
691,2016-08-05,0.0,-1.0,-1.0,-1.0,-1.0,-1.0,-1.0,1.0,-1.0,2976.696
692,2016-08-12,0.0,-1.0,-1.0,-1.0,-1.0,-1.0,-1.0,1.0,-1.0,3050.667
693,2016-08-19,0.0,-1.0,-1.0,-1.0,-1.0,-1.0,-1.0,1.0,-1.0,3108.102
694,2016-08-26,0.0,-1.0,-1.0,1.0,-1.0,1.0,-1.0,-1.0,-1.0,3070.309
695,2016-09-02,0.0,-1.0,-1.0,1.0,-1.0,1.0,-1.0,-1.0,-1.0,3067.352
696,2016-09-09,0.0,-1.0,-1.0,1.0,-1.0,-1.0,-1.0,-1.0,-1.0,3078.855
697,2016-09-16,0.0,-1.0,-1.0,1.0,-1.0,1.0,-1.0,-1.0,-1.0,
698,2016-09-23,0.0,-1.0,-1.0,1.0,-1.0,-1.0,-1.0,-1.0,-1.0,3033.896
699,2016-09-30,0.0,-1.0,-1.0,1.0,-1.0,1.0,-1.0,-1.0,-1.0,3004.703
700,2016-10-07,,,-1.0,1.0,-1.0,,,-1.0,-1.0,
701,2016-10-14,0.0,-1.0,-1.0,1.0,-1.0,-1.0,-1.0,-1.0,,3063.809
702,2016-10-21,0.0,-1.0,-1.0,1.0,-1.0,1.0,-1.0,-1.0,-1.0,3090.941
703,2016-10-28,0.0,-1.0,-1.0,1.0,-1.0,1.0,-1.0,-1.0,-1.0,3104.27
704,2016-11-04,0.0,-1.0,-1.0,1.0,-1.0,-1.0,-1.0,-1.0,-1.0,3125.317
705,2016-11-11,0.0,-1.0,-1.0,1.0,-1.0,1.0,-1.0,-1.0,-1.0,3196.044
706,2016-11-18,0.0,-1.0,-1.0,1.0,-1.0,1.0,-1.0,-1.0,-1.0,3192.856
707,2016-11-25,0.0,-1.0,-1.0,1.0,-1.0,1.0,-1.0,-1.0,-1.0,3261.938
708,2016-12-02,0.0,-1.0,-1.0,1.0,-1.0,1.0,-1.0,-1.0,-1.0,3243.843
709,2016-12-09,0.0,-1.0,-1.0,1.0,-1.0,1.0,-1.0,-1.0,-1.0,3232.883
710,2016-12-16,0.0,-1.0,-1.0,1.0,-1.0,1.0,-1.0,-1.0,-1.0,3122.982
711,2016-12-23,0.0,-1.0,-1.0,1.0,-1.0,-1.0,-1.0,-1.0,-1.0,3110.1544
712,2016-12-30,0.0,-1.0,-1.0,1.0,-1.0,-1.0,-1.0,-1.0,-1.0,3103.6373
713,2017-01-06,0.0,-1.0,-1.0,1.0,-1.0,-1.0,-1.0,-1.0,-1.0,3154.321
714,2017-01-13,0.0,-1.0,-1.0,1.0,-1.0,1.0,-1.0,-1.0,-1.0,3112.7644
715,2017-01-20,0.0,-1.0,-1.0,1.0,-1.0,-1.0,-1.0,-1.0,-1.0,3123.1389
716,2017-01-27,0.0,-1.0,-1.0,-1.0,-1.0,-1.0,-1.0,-1.0,-1.0,
717,2017-02-03,0.0,-1.0,-1.0,-1.0,-1.0,-1.0,-1.0,-1.0,-1.0,3140.17
718,2017-02-10,0.0,-1.0,-1.0,-1.0,-1.0,-1.0,-1.0,-1.0,-1.0,3196.699
719,2017-02-17,0.0,-1.0,-1.0,-1.0,-1.0,1.0,-1.0,-1.0,-1.0,3202.0756
720,2017-02-24,0.0,-1.0,-1.0,-1.0,-1.0,-1.0,-1.0,-1.0,-1.0,3253.4327
721,2017-03-03,0.0,-1.0,-1.0,-1.0,-1.0,1.0,-1.0,-1.0,-1.0,3218.3118
722,2017-03-10,0.0,-1.0,-1.0,-1.0,-1.0,1.0,-1.0,-1.0,-1.0,3212.7601
723,2017-03-17,0.0,-1.0,-1.0,-1.0,-1.0,-1.0,-1.0,-1.0,-1.0,3237.4471
724,2017-03-24,0.0,-1.0,-1.0,-1.0,-1.0,-1.0,-1.0,-1.0,-1.0,3269.4451
725,2017-03-31,0.0,-1.0,-1.0,0.0,-1.0,1.0,-1.0,-1.0,-1.0,3222.5142
726,2017-04-07,0.0,-1.0,-1.0,0.0,-1.0,-1.0,-1.0,-1.0,-1.0,3286.616
727,2017-04-14,0.0,-1.0,-1.0,0.0,-1.0,-1.0,-1.0,-1.0,-1.0,3246.0668
728,2017-04-21,0.0,-1.0,-1.0,0.0,-1.0,1.0,-1.0,-1.0,-1.0,3173.1512
729,2017-04-28,0.0,-1.0,-1.0,0.0,-1.0,1.0,-1.0,-1.0,-1.0,3154.6584
730,2017-05-05,0.0,-1.0,-1.0,0.0,-1.0,-1.0,-1.0,-1.0,-1.0,3103.0378
731,2017-05-12,0.0,-1.0,-1.0,0.0,-1.0,1.0,-1.0,-1.0,-1.0,3083.5132
732,2017-05-19,0.0,-1.0,-1.0,0.0,-1.0,-1.0,-1.0,-1.0,-1.0,3090.6309
733,2017-05-26,0.0,-1.0,-1.0,0.0,-1.0,1.0,-1.0,1.0,-1.0,3110.0587
734,2017-06-02,0.0,-1.0,-1.0,0.0,-1.0,1.0,-1.0,1.0,-1.0,3105.54
735,2017-06-09,0.0,-1.0,-1.0,0.0,1.0,1.0,-1.0,1.0,-1.0,3158.4004
736,2017-06-16,0.0,-1.0,-1.0,0.0,-1.0,1.0,-1.0,1.0,-1.0,3123.1662
737,2017-06-23,0.0,-1.0,-1.0,0.0,-1.0,-1.0,-1.0,1.0,-1.0,3157.873
738,2017-06-30,0.0,-1.0,-1.0,0.0,-1.0,-1.0,-1.0,1.0,-1.0,3192.4269
739,2017-07-07,0.0,-1.0,-1.0,0.0,-1.0,-1.0,-1.0,1.0,-1.0,3217.9567
740,2017-07-14,0.0,-1.0,-1.0,0.0,-1.0,-1.0,-1.0,1.0,-1.0,3222.4168
741,2017-07-21,0.0,-1.0,-1.0,0.0,-1.0,-1.0,-1.0,1.0,-1.0,3237.9817
742,2017-07-28,0.0,-1.0,-1.0,1.0,-1.0,1.0,-1.0,1.0,-1.0,3253.2404
743,2017-08-04,0.0,-1.0,-1.0,1.0,-1.0,-1.0,-1.0,1.0,-1.0,3262.0809
744,2017-08-11,0.0,-1.0,-1.0,1.0,1.0,-1.0,-1.0,1.0,-1.0,3208.5413
745,2017-08-18,0.0,-1.0,-1.0,1.0,-1.0,-1.0,-1.0,1.0,-1.0,3268.7243
746,2017-08-25,0.0,-1.0,-1.0,0.0,-1.0,1.0,-1.0,-1.0,-1.0,3331.5221
747,2017-09-01,0.0,-1.0,-1.0,0.0,-1.0,-1.0,-1.0,-1.0,-1.0,3367.1194
748,2017-09-08,0.0,-1.0,-1.0,0.0,-1.0,-1.0,-1.0,-1.0,-1.0,3365.2426
749,2017-09-15,0.0,-1.0,-1.0,0.0,-1.0,-1.0,-1.0,-1.0,-1.0,3353.6192
750,2017-09-22,0.0,-1.0,-1.0,0.0,-1.0,1.0,-1.0,-1.0,-1.0,3352.5294
751,2017-09-29,0.0,-1.0,-1.0,0.0,-1.0,1.0,-1.0,-1.0,-1.0,3348.9431
752,2017-10-06,,,-1.0,0.0,-1.0,,,-1.0,-1.0,
753,2017-10-13,0.0,-1.0,-1.0,0.0,1.0,1.0,-1.0,-1.0,-1.0,3390.5233
754,2017-10-20,0.0,-1.0,-1.0,0.0,-1.0,1.0,-1.0,-1.0,-1.0,3378.6481
755,2017-10-27,0.0,-1.0,-1.0,1.0,-1.0,-1.0,-1.0,-1.0,-1.0,3416.8124
756,2017-11-03,0.0,-1.0,-1.0,1.0,-1.0,-1.0,-1.0,-1.0,-1.0,3371.7441
757,2017-11-10,0.0,-1.0,-1.0,1.0,-1.0,-1.0,-1.0,-1.0,-1.0,3432.6731
758,2017-11-17,0.0,-1.0,-1.0,1.0,1.0,1.0,-1.0,-1.0,-1.0,3382.9075
759,2017-11-24,0.0,-1.0,-1.0,1.0,-1.0,1.0,-1.0,-1.0,-1.0,3353.8207
760,2017-12-01,0.0,-1.0,-1.0,1.0,-1.0,-1.0,-1.0,-1.0,-1.0,3317.6174
761,2017-12-08,0.0,-1.0,-1.0,1.0,-1.0,1.0,-1.0,-1.0,-1.0,3289.9924
762,2017-12-15,0.0,-1.0,-1.0,1.0,-1.0,-1.0,-1.0,-1.0,-1.0,3266.1371
763,2017-12-22,0.0,-1.0,-1.0,1.0,-1.0,-1.0,-1.0,-1.0,-1.0,3297.063
764,2017-12-29,0.0,-1.0,-1.0,1.0,-1.0,1.0,-1.0,1.0,-1.0,3307.1721
765,2018-01-05,0.0,-1.0,-1.0,1.0,-1.0,-1.0,-1.0,1.0,-1.0,3391.7501
766,2018-01-12,0.0,-1.0,-1.0,1.0,-1.0,1.0,-1.0,1.0,-1.0,3428.9407
767,2018-01-19,0.0,-1.0,-1.0,1.0,1.0,1.0,-1.0,1.0,-1.0,3487.864
768,2018-01-26,0.0,-1.0,-1.0,1.0,-1.0,1.0,-1.0,1.0,-1.0,3558.1288
769,2018-02-02,0.0,-1.0,-1.0,1.0,1.0,1.0,-1.0,1.0,-1.0,3462.0808
770,2018-02-09,0.0,-1.0,-1.0,1.0,-1.0,1.0,-1.0,1.0,-1.0,3129.8508
771,2018-02-16,0.0,-1.0,-1.0,1.0,-1.0,-1.0,-1.0,1.0,-1.0,
772,2018-02-23,0.0,-1.0,1.0,1.0,-1.0,-1.0,-1.0,1.0,-1.0,3289.0241
773,2018-03-02,0.0,-1.0,1.0,1.0,-1.0,-1.0,-1.0,1.0,-1.0,3254.5283
774,2018-03-09,0.0,-1.0,1.0,1.0,-1.0,1.0,-1.0,1.0,-1.0,3307.1656
775,2018-03-16,0.0,-1.0,1.0,1.0,-1.0,1.0,-1.0,1.0,-1.0,3269.8821
776,2018-03-23,0.0,-1.0,1.0,1.0,-1.0,-1.0,-1.0,1.0,-1.0,3152.7608
777,2018-03-30,0.0,-1.0,-1.0,0.0,-1.0,1.0,-1.0,1.0,-1.0,3168.8966
778,2018-04-06,0.0,-1.0,-1.0,0.0,-1.0,-1.0,-1.0,1.0,-1.0,
779,2018-04-13,0.0,-1.0,-1.0,0.0,-1.0,1.0,-1.0,1.0,-1.0,3159.0521
780,2018-04-20,0.0,-1.0,-1.0,0.0,-1.0,-1.0,-1.0,1.0,-1.0,3071.5425
781,2018-04-27,0.0,-1.0,-1.0,1.0,-1.0,1.0,-1.0,1.0,-1.0,3082.2316
782,2018-05-04,0.0,-1.0,-1.0,1.0,-1.0,-1.0,-1.0,1.0,-1.0,3091.0334
783,2018-05-11,0.0,-1.0,-1.0,1.0,-1.0,-1.0,-1.0,1.0,-1.0,3163.2632
784,2018-05-18,0.0,-1.0,-1.0,1.0,-1.0,1.0,-1.0,1.0,-1.0,3193.3034
785,2018-05-25,0.0,-1.0,-1.0,1.0,-1.0,-1.0,-1.0,1.0,-1.0,3141.3032
786,2018-06-01,0.0,-1.0,-1.0,1.0,-1.0,1.0,-1.0,1.0,-1.0,3075.1372
787,2018-06-08,0.0,-1.0,-1.0,1.0,-1.0,-1.0,-1.0,1.0,-1.0,3067.1478
788,2018-06-15,0.0,-1.0,-1.0,1.0,-1.0,1.0,-1.0,1.0,-1.0,3021.9008
789,2018-06-22,-1.0,-1.0,-1.0,1.0,-1.0,1.0,-1.0,1.0,-1.0,2889.7603
790,2018-06-29,-1.0,-1.0,-1.0,1.0,-1.0,1.0,-1.0,1.0,-1.0,2847.4181
791,2018-07-06,-1.0,-1.0,-1.0,1.0,-1.0,-1.0,-1.0,1.0,-1.0,2747.2285
792,2018-07-13,-1.0,-1.0,-1.0,1.0,-1.0,-1.0,-1.0,1.0,-1.0,2831.1837
793,2018-07-20,-1.0,-1.0,-1.0,1.0,-1.0,-1.0,-1.0,1.0,-1.0,2829.2712
794,2018-07-27,-1.0,-1.0,1.0,0.0,-1.0,1.0,-1.0,1.0,-1.0,2873.5938
795,2018-08-03,-1.0,-1.0,1.0,0.0,-1.0,1.0,-1.0,1.0,-1.0,2740.4429
796,2018-08-10,-1.0,-1.0,1.0,0.0,-1.0,1.0,-1.0,1.0,-1.0,2795.3099
797,2018-08-17,-1.0,-1.0,1.0,0.0,-1.0,1.0,-1.0,1.0,-1.0,2668.966
798,2018-08-24,-1.0,-1.0,1.0,0.0,-1.0,1.0,-1.0,1.0,-1.0,2729.4308
799,2018-08-31,-1.0,-1.0,-1.0,0.0,-1.0,-1.0,-1.0,1.0,-1.0,2725.2499
800,2018-09-07,-1.0,-1.0,-1.0,0.0,-1.0,-1.0,-1.0,1.0,-1.0,2702.3007
801,2018-09-14,-1.0,-1.0,-1.0,0.0,-1.0,1.0,-1.0,1.0,-1.0,2681.6431
802,2018-09-21,-1.0,-1.0,-1.0,0.0,-1.0,-1.0,-1.0,1.0,-1.0,2797.4848
803,2018-09-28,-1.0,-1.0,1.0,0.0,-1.0,1.0,-1.0,1.0,-1.0,2821.3501
804,2018-10-05,,,1.0,0.0,-1.0,,,1.0,-1.0,
805,2018-10-12,-1.0,-1.0,1.0,0.0,-1.0,1.0,-1.0,1.0,,2606.9125
806,2018-10-19,-1.0,-1.0,1.0,0.0,-1.0,-1.0,-1.0,1.0,-1.0,2550.4652
807,2018-10-26,-1.0,-1.0,-1.0,1.0,-1.0,-1.0,-1.0,1.0,-1.0,2598.8468
808,2018-11-02,-1.0,-1.0,-1.0,1.0,-1.0,1.0,-1.0,1.0,-1.0,2676.4762
809,2018-11-09,-1.0,-1.0,-1.0,1.0,-1.0,-1.0,-1.0,1.0,-1.0,2598.8715
810,2018-11-16,0.0,-1.0,-1.0,1.0,-1.0,-1.0,-1.0,1.0,-1.0,2679.1097
811,2018-11-23,0.0,-1.0,-1.0,1.0,-1.0,1.0,-1.0,1.0,-1.0,2579.4831
812,2018-11-30,0.0,-1.0,-1.0,1.0,-1.0,1.0,-1.0,1.0,-1.0,2588.1875
813,2018-12-07,-1.0,-1.0,-1.0,1.0,-1.0,1.0,-1.0,1.0,-1.0,2605.8876
814,2018-12-14,-1.0,-1.0,-1.0,1.0,-1.0,-1.0,-1.0,1.0,-1.0,2593.7407
815,2018-12-21,-1.0,-1.0,-1.0,1.0,-1.0,-1.0,-1.0,1.0,-1.0,2516.2506
816,2018-12-28,-1.0,-1.0,-1.0,1.0,-1.0,-1.0,-1.0,1.0,-1.0,2493.8962
817,2019-01-04,-1.0,-1.0,-1.0,1.0,-1.0,1.0,-1.0,1.0,-1.0,2514.8682
818,2019-01-11,-1.0,-1.0,-1.0,1.0,-1.0,-1.0,-1.0,1.0,-1.0,2553.8313
819,2019-01-18,-1.0,-1.0,-1.0,1.0,-1.0,-1.0,-1.0,1.0,-1.0,2596.0056
820,2019-01-25,-1.0,-1.0,-1.0,0.0,-1.0,-1.0,-1.0,-1.0,-1.0,2601.7234
821,2019-02-01,-1.0,-1.0,-1.0,0.0,-1.0,1.0,-1.0,-1.0,-1.0,2618.2323
822,2019-02-08,,,-1.0,0.0,-1.0,,,-1.0,-1.0,
823,2019-02-15,0.0,-1.0,-1.0,0.0,-1.0,1.0,-1.0,-1.0,,2682.385
824,2019-02-22,0.0,-1.0,-1.0,0.0,-1.0,-1.0,-1.0,-1.0,-1.0,2804.2262
825,2019-03-01,0.0,-1.0,-1.0,0.0,-1.0,-1.0,-1.0,-1.0,-1.0,2994.005
826,2019-03-08,0.0,-1.0,-1.0,0.0,-1.0,-1.0,-1.0,-1.0,-1.0,2969.8614
827,2019-03-15,0.0,-1.0,-1.0,0.0,-1.0,-1.0,-1.0,-1.0,-1.0,3021.7512
828,2019-03-22,0.0,-1.0,-1.0,0.0,-1.0,-1.0,-1.0,-1.0,-1.0,3104.1487
829,2019-03-29,0.0,-1.0,-1.0,0.0,1.0,-1.0,-1.0,-1.0,-1.0,3090.758
830,2019-04-05,0.0,-1.0,-1.0,0.0,-1.0,-1.0,-1.0,-1.0,-1.0,
831,2019-04-12,0.0,-1.0,-1.0,0.0,1.0,1.0,-1.0,-1.0,-1.0,3188.6256
832,2019-04-19,0.0,-1.0,-1.0,0.0,-1.0,-1.0,-1.0,-1.0,-1.0,3270.7973
833,2019-04-26,0.0,-1.0,-1.0,0.0,1.0,1.0,-1.0,-1.0,-1.0,3086.3989
834,2019-05-03,0.0,-1.0,-1.0,0.0,-1.0,1.0,-1.0,-1.0,-1.0,
835,2019-05-10,0.0,-1.0,-1.0,0.0,-1.0,1.0,-1.0,-1.0,-1.0,2939.2106
836,2019-05-17,0.0,-1.0,-1.0,0.0,-1.0,1.0,-1.0,-1.0,-1.0,2882.2962
837,2019-05-24,0.0,-1.0,-1.0,0.0,-1.0,1.0,-1.0,-1.0,-1.0,2852.9948
838,2019-05-31,0.0,-1.0,-1.0,0.0,-1.0,-1.0,-1.0,1.0,-1.0,2898.6961
839,2019-06-07,0.0,-1.0,-1.0,0.0,-1.0,1.0,-1.0,1.0,-1.0,
840,2019-06-14,0.0,-1.0,-1.0,0.0,-1.0,-1.0,-1.0,1.0,-1.0,2881.9743
841,2019-06-21,0.0,-1.0,-1.0,0.0,-1.0,1.0,-1.0,1.0,-1.0,3001.9802
842,2019-06-28,0.0,-1.0,-1.0,0.0,-1.0,-1.0,-1.0,1.0,-1.0,2978.8784
843,2019-07-05,0.0,-1.0,-1.0,0.0,-1.0,-1.0,-1.0,1.0,-1.0,3011.0588
844,2019-07-12,0.0,-1.0,-1.0,0.0,-1.0,1.0,-1.0,1.0,-1.0,2930.5462
845,2019-07-19,0.0,-1.0,-1.0,0.0,-1.0,-1.0,-1.0,1.0,-1.0,2924.2006
846,2019-07-26,0.0,-1.0,-1.0,1.0,-1.0,-1.0,-1.0,1.0,-1.0,2944.541
847,2019-08-02,0.0,-1.0,-1.0,1.0,-1.0,1.0,-1.0,1.0,-1.0,2867.8376
848,2019-08-09,0.0,-1.0,-1.0,1.0,-1.0,1.0,-1.0,1.0,-1.0,2774.7532
849,2019-08-16,0.0,-1.0,-1.0,1.0,-1.0,-1.0,-1.0,1.0,-1.0,2823.8238
850,2019-08-23,0.0,-1.0,-1.0,1.0,-1.0,1.0,-1.0,1.0,-1.0,2897.4253
851,2019-08-30,0.0,-1.0,-1.0,0.0,-1.0,-1.0,-1.0,-1.0,-1.0,2886.2365
852,2019-09-06,0.0,-1.0,-1.0,0.0,-1.0,-1.0,-1.0,-1.0,-1.0,2999.6013
853,2019-09-13,0.0,-1.0,-1.0,0.0,-1.0,1.0,-1.0,-1.0,-1.0,
854,2019-09-20,0.0,-1.0,-1.0,0.0,-1.0,1.0,-1.0,-1.0,-1.0,3006.4467
855,2019-09-27,0.0,-1.0,-1.0,0.0,-1.0,1.0,-1.0,-1.0,-1.0,2932.167
856,2019-10-04,0.0,-1.0,-1.0,0.0,-1.0,1.0,-1.0,-1.0,-1.0,
857,2019-10-11,0.0,-1.0,-1.0,0.0,-1.0,-1.0,-1.0,-1.0,-1.0,2973.6558
858,2019-10-18,0.0,-1.0,-1.0,0.0,-1.0,-1.0,-1.0,-1.0,-1.0,2938.1413
859,2019-10-25,0.0,-1.0,-1.0,1.0,-1.0,1.0,-1.0,-1.0,-1.0,2954.9327
860,2019-11-01,0.0,-1.0,-1.0,1.0,-1.0,-1.0,-1.0,-1.0,-1.0,2958.1992
861,2019-11-08,0.0,-1.0,-1.0,1.0,-1.0,-1.0,-1.0,-1.0,-1.0,2964.1849
862,2019-11-15,0.0,-1.0,-1.0,1.0,-1.0,1.0,-1.0,-1.0,-1.0,2891.3431
863,2019-11-22,0.0,-1.0,-1.0,1.0,-1.0,-1.0,-1.0,-1.0,-1.0,2885.2884
864,2019-11-29,0.0,-1.0,-1.0,1.0,-1.0,1.0,-1.0,-1.0,-1.0,2871.9813
865,2019-12-06,0.0,-1.0,-1.0,1.0,-1.0,-1.0,-1.0,-1.0,-1.0,2912.0136
866,2019-12-13,0.0,-1.0,-1.0,1.0,-1.0,-1.0,-1.0,-1.0,-1.0,2967.6764
867,2019-12-20,0.0,-1.0,-1.0,1.0,-1.0,-1.0,-1.0,-1.0,-1.0,3004.9376
868,2019-12-27,0.0,-1.0,-1.0,1.0,-1.0,1.0,-1.0,-1.0,-1.0,3005.0355
869,2020-01-03,0.0,-1.0,-1.0,1.0,-1.0,1.0,-1.0,-1.0,-1.0,3083.7858
870,2020-01-10,0.0,-1.0,-1.0,1.0,-1.0,-1.0,-1.0,-1.0,-1.0,3092.2907
871,2020-01-17,0.0,-1.0,-1.0,1.0,-1.0,-1.0,-1.0,-1.0,-1.0,3075.4955
872,2020-01-24,0.0,-1.0,-1.0,1.0,-1.0,-1.0,-1.0,-1.0,-1.0,
873,2020-01-31,,,-1.0,1.0,-1.0,,,-1.0,-1.0,
874,2020-02-07,0.0,-1.0,-1.0,1.0,-1.0,1.0,-1.0,-1.0,-1.0,2875.9636
875,2020-02-14,0.0,-1.0,-1.0,1.0,-1.0,-1.0,-1.0,-1.0,-1.0,2917.0077
876,2020-02-21,0.0,-1.0,-1.0,1.0,-1.0,-1.0,-1.0,-1.0,-1.0,3039.6692
877,2020-02-28,0.0,-1.0,-1.0,1.0,-1.0,1.0,-1.0,-1.0,-1.0,2880.3038
878,2020-03-06,0.0,-1.0,-1.0,1.0,-1.0,-1.0,-1.0,-1.0,-1.0,3034.5113
879,2020-03-13,0.0,-1.0,-1.0,1.0,-1.0,1.0,-1.0,-1.0,-1.0,2887.4265
880,2020-03-20,0.0,-1.0,-1.0,1.0,-1.0,1.0,-1.0,-1.0,-1.0,2745.6182
881,2020-03-27,0.0,-1.0,-1.0,0.0,-1.0,1.0,-1.0,1.0,-1.0,2772.2033
882,2020-04-03,0.0,-1.0,-1.0,0.0,-1.0,1.0,-1.0,1.0,-1.0,2763.9874
883,2020-04-10,0.0,-1.0,-1.0,0.0,-1.0,1.0,-1.0,1.0,-1.0,2796.6312
884,2020-04-17,0.0,-1.0,-1.0,0.0,-1.0,-1.0,-1.0,1.0,-1.0,2838.4945
885,2020-04-24,0.0,-1.0,-1.0,1.0,-1.0,-1.0,-1.0,1.0,-1.0,2808.5293
886,2020-05-01,0.0,-1.0,-1.0,1.0,-1.0,1.0,-1.0,1.0,-1.0,
887,2020-05-08,0.0,-1.0,-1.0,1.0,-1.0,1.0,-1.0,1.0,-1.0,2895.3444
888,2020-05-15,0.0,-1.0,-1.0,1.0,-1.0,1.0,-1.0,1.0,-1.0,2868.4587
889,2020-05-22,0.0,-1.0,-1.0,1.0,-1.0,-1.0,-1.0,1.0,-1.0,2813.7654
890,2020-05-29,0.0,-1.0,-1.0,1.0,-1.0,-1.0,-1.0,-1.0,-1.0,2852.3512
891,2020-06-05,0.0,-1.0,-1.0,1.0,-1.0,1.0,-1.0,-1.0,-1.0,2930.7993
892,2020-06-12,0.0,-1.0,-1.0,1.0,-1.0,-1.0,-1.0,-1.0,-1.0,2919.7408
893,2020-06-19,0.0,-1.0,-1.0,1.0,-1.0,1.0,-1.0,-1.0,-1.0,2967.6341
894,2020-06-26,0.0,-1.0,-1.0,1.0,-1.0,1.0,-1.0,-1.0,-1.0,
895,2020-07-03,0.0,-1.0,-1.0,1.0,1.0,-1.0,-1.0,-1.0,-1.0,3152.8126
896,2020-07-10,0.0,-1.0,-1.0,1.0,-1.0,-1.0,-1.0,-1.0,-1.0,3383.3222
897,2020-07-17,0.0,-1.0,-1.0,1.0,-1.0,-1.0,-1.0,-1.0,-1.0,3214.1287
898,2020-07-24,0.0,-1.0,-1.0,1.0,-1.0,-1.0,-1.0,-1.0,-1.0,3196.7684
899,2020-07-31,0.0,-1.0,-1.0,1.0,-1.0,-1.0,-1.0,-1.0,-1.0,3310.0065
900,2020-08-07,0.0,-1.0,-1.0,1.0,-1.0,-1.0,-1.0,-1.0,-1.0,3354.0352
901,2020-08-14,0.0,-1.0,-1.0,1.0,-1.0,1.0,-1.0,-1.0,-1.0,3360.0988
902,2020-08-21,0.0,-1.0,-1.0,1.0,1.0,1.0,-1.0,-1.0,-1.0,3380.6825
903,2020-08-28,0.0,-1.0,-1.0,0.0,-1.0,-1.0,-1.0,-1.0,-1.0,3403.8066
904,2020-09-04,0.0,-1.0,-1.0,0.0,1.0,1.0,-1.0,-1.0,-1.0,3355.3666
905,2020-09-11,0.0,-1.0,-1.0,0.0,-1.0,1.0,-1.0,-1.0,-1.0,3260.3461
906,2020-09-18,0.0,-1.0,-1.0,0.0,-1.0,-1.0,-1.0,-1.0,-1.0,3338.0897
907,2020-09-25,0.0,-1.0,-1.0,0.0,-1.0,1.0,-1.0,-1.0,-1.0,3219.4179
908,2020-10-02,0.0,-1.0,-1.0,0.0,-1.0,1.0,-1.0,-1.0,-1.0,
909,2020-10-09,0.0,-1.0,-1.0,0.0,-1.0,-1.0,-1.0,-1.0,-1.0,3272.0762
910,2020-10-16,0.0,-1.0,-1.0,0.0,1.0,-1.0,-1.0,-1.0,-1.0,3336.3582
911,2020-10-23,0.0,-1.0,-1.0,0.0,-1.0,1.0,-1.0,-1.0,-1.0,3277.9972
912,2020-10-30,0.0,-1.0,-1.0,1.0,-1.0,-1.0,-1.0,-1.0,-1.0,3224.5325
913,2020-11-06,0.0,-1.0,-1.0,1.0,-1.0,-1.0,-1.0,-1.0,-1.0,3312.159
914,2020-11-13,0.0,-1.0,-1.0,1.0,-1.0,1.0,-1.0,-1.0,-1.0,3310.1046
915,2020-11-20,0.0,-1.0,-1.0,1.0,-1.0,1.0,-1.0,-1.0,-1.0,3377.7267
916,2020-11-27,0.0,-1.0,-1.0,1.0,-1.0,-1.0,-1.0,-1.0,-1.0,3408.3071
917,2020-12-04,0.0,-1.0,-1.0,1.0,1.0,-1.0,-1.0,-1.0,-1.0,3444.5814
918,2020-12-11,0.0,-1.0,-1.0,1.0,-1.0,-1.0,-1.0,-1.0,-1.0,3347.191
919,2020-12-18,0.0,-1.0,-1.0,1.0,-1.0,-1.0,-1.0,-1.0,-1.0,3394.896
920,2020-12-25,0.0,-1.0,-1.0,1.0,-1.0,-1.0,-1.0,-1.0,-1.0,3396.5626
921,2021-01-01,0.0,-1.0,-1.0,1.0,-1.0,1.0,-1.0,-1.0,-1.0,
922,2021-01-08,0.0,-1.0,-1.0,1.0,-1.0,-1.0,-1.0,-1.0,-1.0,3570.1082
923,2021-01-15,0.0,-1.0,-1.0,1.0,-1.0,1.0,-1.0,-1.0,-1.0,3566.3778
924,2021-01-22,0.0,-1.0,-1.0,1.0,-1.0,-1.0,-1.0,-1.0,-1.0,3606.7496
925,2021-01-29,0.0,-1.0,-1.0,0.0,-1.0,1.0,-1.0,-1.0,-1.0,3483.0692
926,2021-02-05,0.0,-1.0,-1.0,0.0,-1.0,-1.0,-1.0,-1.0,-1.0,3496.3329
927,2021-02-12,0.0,-1.0,-1.0,0.0,-1.0,-1.0,-1.0,-1.0,-1.0,
928,2021-02-19,0.0,-1.0,-1.0,0.0,-1.0,-1.0,-1.0,-1.0,-1.0,3696.168
929,2021-02-26,0.0,-1.0,-1.0,0.0,-1.0,1.0,-1.0,-1.0,-1.0,3509.0804
930,2021-03-05,0.0,-1.0,-1.0,0.0,-1.0,1.0,-1.0,-1.0,-1.0,3501.9867
931,2021-03-12,0.0,-1.0,-1.0,0.0,-1.0,-1.0,-1.0,-1.0,-1.0,3453.0777
932,2021-03-19,0.0,-1.0,-1.0,0.0,-1.0,-1.0,-1.0,-1.0,-1.0,3404.6634
933,2021-03-26,0.0,-1.0,-1.0,0.0,-1.0,1.0,-1.0,-1.0,-1.0,3418.3267
934,2021-04-02,0.0,-1.0,-1.0,0.0,-1.0,-1.0,-1.0,-1.0,-1.0,3484.3924
935,2021-04-09,0.0,-1.0,-1.0,0.0,1.0,-1.0,-1.0,-1.0,-1.0,3450.6772
936,2021-04-16,0.0,-1.0,-1.0,0.0,-1.0,1.0,-1.0,-1.0,-1.0,3426.6178
937,2021-04-23,0.0,-1.0,-1.0,0.0,-1.0,-1.0,-1.0,-1.0,-1.0,3474.166
938,2021-04-30,0.0,-1.0,-1.0,1.0,-1.0,-1.0,-1.0,-1.0,-1.0,3446.8564
939,2021-05-07,0.0,-1.0,-1.0,1.0,-1.0,-1.0,-1.0,-1.0,-1.0,3418.8741
940,2021-05-14,0.0,-1.0,-1.0,1.0,-1.0,1.0,-1.0,-1.0,-1.0,3490.3762
941,2021-05-21,0.0,-1.0,-1.0,1.0,-1.0,1.0,-1.0,-1.0,-1.0,3486.5569
942,2021-05-28,0.0,-1.0,-1.0,1.0,1.0,-1.0,-1.0,-1.0,-1.0,3600.7844
943,2021-06-04,0.0,-1.0,-1.0,1.0,-1.0,-1.0,-1.0,-1.0,-1.0,3591.8447
944,2021-06-11,0.0,-1.0,-1.0,1.0,1.0,1.0,-1.0,-1.0,-1.0,3589.7481
945,2021-06-18,0.0,-1.0,-1.0,1.0,-1.0,1.0,-1.0,-1.0,-1.0,3525.0968
946,2021-06-25,0.0,-1.0,-1.0,1.0,-1.0,-1.0,-1.0,-1.0,-1.0,3607.5618
947,2021-07-02,0.0,-1.0,-1.0,1.0,-1.0,1.0,-1.0,-1.0,-1.0,3518.7595
948,2021-07-09,0.0,-1.0,-1.0,1.0,-1.0,-1.0,-1.0,-1.0,-1.0,3524.0881
949,2021-07-16,0.0,-1.0,-1.0,1.0,-1.0,-1.0,-1.0,-1.0,-1.0,3539.3038
950,2021-07-23,0.0,-1.0,-1.0,1.0,-1.0,-1.0,-1.0,-1.0,-1.0,3550.3964
951,2021-07-30,0.0,-1.0,-1.0,1.0,-1.0,-1.0,-1.0,-1.0,-1.0,3397.3574
952,2021-08-06,0.0,-1.0,-1.0,1.0,-1.0,-1.0,-1.0,-1.0,-1.0,3458.2277
953,2021-08-13,0.0,-1.0,-1.0,1.0,-1.0,-1.0,-1.0,-1.0,-1.0,3516.2989
954,2021-08-20,0.0,-1.0,-1.0,1.0,-1.0,1.0,-1.0,-1.0,-1.0,3427.3338
955,2021-08-27,0.0,-1.0,-1.0,0.0,-1.0,-1.0,-1.0,-1.0,-1.0,3522.1567
956,2021-09-03,0.0,-1.0,-1.0,0.0,-1.0,-1.0,-1.0,-1.0,-1.0,3581.7344
957,2021-09-10,0.0,-1.0,-1.0,0.0,-1.0,1.0,-1.0,-1.0,-1.0,3703.1103
958,2021-09-17,0.0,-1.0,-1.0,0.0,-1.0,1.0,-1.0,-1.0,-1.0,3613.9663
959,2021-09-24,0.0,-1.0,-1.0,0.0,1.0,1.0,-1.0,-1.0,-1.0,3613.0673
960,2021-10-01,0.0,-1.0,-1.0,0.0,-1.0,1.0,-1.0,-1.0,-1.0,
961,2021-10-08,0.0,-1.0,-1.0,0.0,-1.0,1.0,-1.0,-1.0,-1.0,3592.1666
962,2021-10-15,0.0,-1.0,-1.0,0.0,-1.0,1.0,-1.0,-1.0,-1.0,3572.3662
963,2021-10-22,0.0,-1.0,-1.0,0.0,-1.0,1.0,-1.0,-1.0,-1.0,3582.6036
964,2021-10-29,0.0,-1.0,-1.0,1.0,-1.0,1.0,-1.0,-1.0,-1.0,3547.3361
965,2021-11-05,0.0,-1.0,-1.0,1.0,-1.0,1.0,-1.0,-1.0,-1.0,3491.5677
966,2021-11-12,0.0,-1.0,-1.0,1.0,-1.0,-1.0,-1.0,-1.0,-1.0,3539.1002
967,2021-11-19,0.0,-1.0,-1.0,1.0,-1.0,1.0,-1.0,-1.0,-1.0,3560.3734
968,2021-11-26,0.0,-1.0,-1.0,1.0,-1.0,-1.0,-1.0,-1.0,-1.0,3564.0894
969,2021-12-03,0.0,-1.0,-1.0,1.0,1.0,1.0,-1.0,-1.0,-1.0,3607.4322
970,2021-12-10,0.0,-1.0,-1.0,1.0,1.0,1.0,-1.0,-1.0,-1.0,3666.3479
971,2021-12-17,0.0,-1.0,-1.0,1.0,-1.0,-1.0,-1.0,-1.0,-1.0,3632.3638
972,2021-12-24,0.0,-1.0,-1.0,1.0,-1.0,-1.0,-1.0,-1.0,-1.0,3618.0535
973,2021-12-31,0.0,-1.0,-1.0,1.0,-1.0,-1.0,-1.0,-1.0,-1.0,3639.7754
974,2022-01-07,0.0,-1.0,-1.0,1.0,-1.0,1.0,-1.0,-1.0,-1.0,3579.5427
975,2022-01-14,0.0,-1.0,-1.0,1.0,-1.0,1.0,-1.0,-1.0,-1.0,3521.2559
976,2022-01-21,0.0,-1.0,-1.0,1.0,-1.0,1.0,-1.0,-1.0,-1.0,3522.5679
977,2022-01-28,0.0,-1.0,-1.0,-1.0,-1.0,1.0,-1.0,-1.0,-1.0,3361.4397
978,2022-02-04,,,-1.0,-1.0,-1.0,,,-1.0,-1.0,
979,2022-02-11,0.0,-1.0,-1.0,-1.0,-1.0,-1.0,-1.0,-1.0,,3462.9479
980,2022-02-18,0.0,-1.0,-1.0,-1.0,-1.0,1.0,-1.0,-1.0,-1.0,3490.7573
981,2022-02-25,0.0,-1.0,-1.0,-1.0,-1.0,-1.0,-1.0,1.0,-1.0,3451.4061
982,2022-03-04,0.0,-1.0,-1.0,-1.0,-1.0,-1.0,-1.0,1.0,-1.0,3447.649
983,2022-03-11,0.0,-1.0,-1.0,-1.0,-1.0,1.0,-1.0,1.0,-1.0,3309.7467
984,2022-03-18,0.0,-1.0,-1.0,-1.0,-1.0,1.0,-1.0,1.0,-1.0,3251.0724
985,2022-03-25,0.0,-1.0,-1.0,1.0,-1.0,-1.0,-1.0,1.0,-1.0,3212.2399
986,2022-04-01,0.0,-1.0,-1.0,1.0,-1.0,1.0,-1.0,1.0,-1.0,3282.7166
987,2022-04-08,0.0,-1.0,-1.0,1.0,-1.0,1.0,-1.0,1.0,-1.0,3251.8502
988,2022-04-15,0.0,-1.0,-1.0,1.0,-1.0,1.0,-1.0,1.0,-1.0,3211.2448
989,2022-04-22,0.0,-1.0,-1.0,1.0,-1.0,1.0,-1.0,1.0,-1.0,3086.9193
990,2022-04-29,0.0,-1.0,-1.0,0.0,-1.0,1.0,-1.0,1.0,-1.0,3047.0624
991,2022-05-06,0.0,-1.0,-1.0,0.0,-1.0,-1.0,-1.0,1.0,-1.0,3001.5605
992,2022-05-13,0.0,-1.0,-1.0,0.0,-1.0,-1.0,-1.0,1.0,-1.0,3084.2845
993,2022-05-20,0.0,-1.0,-1.0,0.0,-1.0,1.0,-1.0,1.0,-1.0,3146.5673
994,2022-05-27,0.0,-1.0,-1.0,0.0,-1.0,-1.0,-1.0,1.0,-1.0,3130.2394
995,2022-06-03,0.0,-1.0,-1.0,0.0,-1.0,-1.0,-1.0,1.0,-1.0,
996,2022-06-10,0.0,-1.0,-1.0,0.0,-1.0,1.0,-1.0,1.0,-1.0,3284.8341
997,2022-06-17,0.0,-1.0,-1.0,0.0,-1.0,-1.0,-1.0,1.0,-1.0,3316.7857
998,2022-06-24,0.0,-1.0,-1.0,0.0,-1.0,1.0,-1.0,1.0,-1.0,3349.747
999,2022-07-01,0.0,-1.0,-1.0,0.0,-1.0,1.0,-1.0,1.0,-1.0,3387.6373
1000,2022-07-08,0.0,-1.0,-1.0,0.0,-1.0,-1.0,-1.0,1.0,-1.0,3356.0778
1001,2022-07-15,0.0,-1.0,-1.0,0.0,-1.0,1.0,-1.0,1.0,-1.0,3228.0609
1002,2022-07-22,0.0,-1.0,-1.0,0.0,-1.0,-1.0,-1.0,1.0,-1.0,3269.9739
1003,2022-07-29,0.0,-1.0,-1.0,0.0,-1.0,1.0,-1.0,-1.0,-1.0,3253.2382
1004,2022-08-05,0.0,-1.0,-1.0,0.0,-1.0,1.0,-1.0,-1.0,-1.0,3227.0267
1005,2022-08-12,0.0,-1.0,-1.0,0.0,-1.0,1.0,-1.0,-1.0,-1.0,3276.8877
1006,2022-08-19,0.0,-1.0,-1.0,0.0,-1.0,-1.0,-1.0,-1.0,-1.0,3258.0784
1007,2022-08-26,0.0,-1.0,-1.0,0.0,-1.0,1.0,-1.0,-1.0,-1.0,3236.2226
1008,2022-09-02,0.0,-1.0,-1.0,0.0,-1.0,1.0,-1.0,-1.0,-1.0,3186.4781
1009,2022-09-09,0.0,-1.0,-1.0,0.0,-1.0,1.0,-1.0,-1.0,-1.0,3262.0542
1010,2022-09-16,0.0,-1.0,-1.0,0.0,-1.0,1.0,-1.0,-1.0,-1.0,3126.3977
1011,2022-09-23,0.0,-1.0,-1.0,0.0,-1.0,1.0,-1.0,-1.0,-1.0,3088.3695
1012,2022-09-30,0.0,-1.0,-1.0,0.0,-1.0,-1.0,-1.0,-1.0,-1.0,3024.3905
1013,2022-10-07,,,-1.0,0.0,-1.0,,,-1.0,-1.0,
1014,2022-10-14,0.0,-1.0,-1.0,0.0,-1.0,-1.0,-1.0,-1.0,-1.0,3071.9868
1015,2022-10-21,0.0,-1.0,-1.0,0.0,-1.0,-1.0,-1.0,-1.0,-1.0,3038.9291
1016,2022-10-28,-1.0,-1.0,-1.0,1.0,-1.0,1.0,-1.0,-1.0,-1.0,2915.9257
1017,2022-11-04,0.0,-1.0,-1.0,1.0,-1.0,-1.0,-1.0,-1.0,-1.0,3070.7964
1018,2022-11-11,0.0,-1.0,-1.0,1.0,-1.0,-1.0,-1.0,-1.0,-1.0,3087.2926
1019,2022-11-18,0.0,-1.0,-1.0,1.0,-1.0,-1.0,-1.0,-1.0,-1.0,3097.2432
1020,2022-11-25,0.0,-1.0,-1.0,1.0,-1.0,1.0,-1.0,-1.0,-1.0,3101.6932
1021,2022-12-02,0.0,-1.0,-1.0,1.0,-1.0,-1.0,-1.0,-1.0,-1.0,3156.1442
1022,2022-12-09,0.0,-1.0,-1.0,1.0,-1.0,-1.0,-1.0,-1.0,-1.0,3206.9502
1023,2022-12-16,0.0,-1.0,-1.0,1.0,-1.0,1.0,-1.0,-1.0,-1.0,3167.8576
1024,2022-12-23,0.0,-1.0,-1.0,1.0,-1.0,1.0,-1.0,-1.0,-1.0,3045.8664
1025,2022-12-30,0.0,-1.0,-1.0,1.0,-1.0,-1.0,-1.0,-1.0,-1.0,3089.2579
1026,2023-01-06,0.0,-1.0,-1.0,1.0,-1.0,-1.0,-1.0,-1.0,-1.0,3157.6365
1027,2023-01-13,0.0,-1.0,-1.0,1.0,-1.0,-1.0,-1.0,-1.0,-1.0,3195.3059
1028,2023-01-20,0.0,-1.0,-1.0,1.0,-1.0,-1.0,-1.0,-1.0,-1.0,3264.8138
1029,2023-01-27,,,-1.0,0.0,-1.0,,,-1.0,-1.0,
1030,2023-02-03,0.0,-1.0,-1.0,0.0,-1.0,-1.0,-1.0,-1.0,-1.0,3263.4059
1031,2023-02-10,0.0,-1.0,-1.0,0.0,-1.0,1.0,-1.0,-1.0,-1.0,3260.6734
1032,2023-02-17,0.0,-1.0,-1.0,0.0,-1.0,-1.0,-1.0,-1.0,-1.0,3224.0243
1033,2023-02-24,0.0,-1.0,-1.0,0.0,-1.0,-1.0,-1.0,-1.0,-1.0,3267.1597
1034,2023-03-03,0.0,-1.0,-1.0,0.0,-1.0,-1.0,-1.0,-1.0,-1.0,3328.3927
1035,2023-03-10,0.0,-1.0,-1.0,0.0,-1.0,1.0,-1.0,-1.0,-1.0,3230.0766
1036,2023-03-17,0.0,-1.0,-1.0,0.0,1.0,-1.0,-1.0,-1.0,-1.0,3250.546
1037,2023-03-24,0.0,-1.0,-1.0,0.0,-1.0,1.0,-1.0,-1.0,-1.0,3265.6537
1038,2023-03-31,0.0,-1.0,-1.0,1.0,-1.0,1.0,-1.0,-1.0,-1.0,3272.8602
1039,2023-04-07,0.0,-1.0,-1.0,1.0,-1.0,-1.0,-1.0,-1.0,-1.0,3327.6457
1040,2023-04-14,0.0,-1.0,-1.0,1.0,-1.0,1.0,-1.0,-1.0,-1.0,3338.1525
1041,2023-04-21,0.0,-1.0,-1.0,1.0,-1.0,-1.0,-1.0,-1.0,-1.0,3301.2575
1042,2023-04-28,0.0,-1.0,-1.0,-1.0,-1.0,1.0,-1.0,-1.0,-1.0,3323.2746
1043,2023-05-05,0.0,-1.0,-1.0,-1.0,-1.0,-1.0,-1.0,-1.0,-1.0,3334.5028
1044,2023-05-12,0.0,-1.0,-1.0,-1.0,1.0,1.0,-1.0,-1.0,-1.0,3272.3619
1045,2023-05-19,0.0,-1.0,-1.0,-1.0,-1.0,1.0,-1.0,-1.0,-1.0,3283.5417
1046,2023-05-26,0.0,-1.0,-1.0,-1.0,-1.0,-1.0,-1.0,-1.0,-1.0,3212.5038
1047,2023-06-02,0.0,-1.0,-1.0,-1.0,1.0,-1.0,-1.0,-1.0,-1.0,3230.0686
1048,2023-06-09,0.0,-1.0,-1.0,-1.0,1.0,-1.0,-1.0,-1.0,-1.0,3231.4055
1049,2023-06-16,0.0,-1.0,-1.0,-1.0,-1.0,1.0,-1.0,-1.0,-1.0,3273.3341
1050,2023-06-23,-1.0,-1.0,-1.0,-1.0,-1.0,-1.0,-1.0,-1.0,-1.0,
1051,2023-06-30,-1.0,-1.0,-1.0,-1.0,-1.0,1.0,-1.0,-1.0,-1.0,3202.0623
1052,2023-07-07,-1.0,-1.0,-1.0,-1.0,-1.0,-1.0,-1.0,-1.0,-1.0,3196.6092
1053,2023-07-14,0.0,-1.0,-1.0,-1.0,-1.0,1.0,-1.0,-1.0,-1.0,3237.7012
1054,2023-07-21,-1.0,-1.0,-1.0,-1.0,-1.0,-1.0,-1.0,-1.0,-1.0,3167.7452
1055,2023-07-28,0.0,-1.0,-1.0,0.0,1.0,-1.0,-1.0,-1.0,-1.0,3275.9257
1056,2023-08-04,0.0,-1.0,-1.0,0.0,1.0,-1.0,-1.0,-1.0,-1.0,3288.0842
1057,2023-08-11,0.0,-1.0,-1.0,0.0,-1.0,1.0,-1.0,-1.0,-1.0,3189.248
1058,2023-08-18,-1.0,-1.0,-1.0,0.0,-1.0,1.0,-1.0,-1.0,-1.0,3131.953
1059,2023-08-25,-1.0,-1.0,-1.0,1.0,-1.0,-1.0,-1.0,-1.0,-1.0,3064.0747
1060,2023-09-01,0.0,-1.0,-1.0,1.0,-1.0,-1.0,-1.0,-1.0,-1.0,3133.2467
1061,2023-09-08,-1.0,-1.0,-1.0,1.0,-1.0,-1.0,-1.0,-1.0,-1.0,3116.7191
1062,2023-09-15,-1.0,-1.0,-1.0,1.0,-1.0,1.0,-1.0,-1.0,-1.0,3117.7434
1063,2023-09-22,-1.0,-1.0,-1.0,1.0,-1.0,1.0,-1.0,-1.0,-1.0,3132.4316
1064,2023-09-29,-1.0,-1.0,-1.0,1.0,-1.0,-1.0,-1.0,-1.0,-1.0,
1065,2023-10-06,,,-1.0,1.0,-1.0,,,-1.0,-1.0,
1066,2023-10-13,-1.0,-1.0,-1.0,1.0,-1.0,-1.0,-1.0,-1.0,-1.0,3088.0991
1067,2023-10-20,-1.0,-1.0,-1.0,1.0,-1.0,-1.0,-1.0,-1.0,-1.0,2983.0585
1068,2023-10-27,-1.0,-1.0,-1.0,0.0,-1.0,1.0,-1.0,-1.0,-1.0,3017.7842
1069,2023-11-03,-1.0,-1.0,-1.0,0.0,-1.0,1.0,-1.0,-1.0,-1.0,3030.7977
1070,2023-11-10,-1.0,-1.0,-1.0,0.0,-1.0,-1.0,-1.0,-1.0,-1.0,3038.9699
1071,2023-11-17,-1.0,-1.0,-1.0,0.0,-1.0,-1.0,-1.0,-1.0,-1.0,3054.3655
1072,2023-11-24,-1.0,-1.0,-1.0,0.0,-1.0,-1.0,-1.0,-1.0,-1.0,3040.9717
1073,2023-12-01,-1.0,-1.0,-1.0,0.0,-1.0,1.0,-1.0,-1.0,-1.0,3031.6358
1074,2023-12-08,-1.0,-1.0,-1.0,0.0,-1.0,1.0,-1.0,-1.0,-1.0,2969.5594
1075,2023-12-15,-1.0,-1.0,-1.0,0.0,-1.0,1.0,-1.0,-1.0,-1.0,2942.5568
1076,2023-12-22,-1.0,-1.0,-1.0,0.0,-1.0,1.0,-1.0,-1.0,-1.0,2914.7752
1077,2023-12-29,-1.0,-1.0,-1.0,0.0,-1.0,-1.0,-1.0,-1.0,-1.0,2974.9348
1078,2024-01-05,-1.0,-1.0,-1.0,0.0,-1.0,-1.0,-1.0,-1.0,-1.0,2929.1833
1079,2024-01-12,-1.0,-1.0,-1.0,0.0,-1.0,1.0,-1.0,-1.0,-1.0,2881.9769
1080,2024-01-19,-1.0,-1.0,-1.0,0.0,-1.0,1.0,-1.0,-1.0,-1.0,2832.2793
1081,2024-01-26,-1.0,-1.0,-1.0,0.0,-1.0,-1.0,-1.0,1.0,-1.0,2910.2227
1082,2024-02-02,0.0,-1.0,-1.0,0.0,-1.0,1.0,-1.0,1.0,-1.0,2730.152
1083,2024-02-09,0.0,-1.0,-1.0,0.0,-1.0,-1.0,-1.0,1.0,-1.0,
1084,2024-02-16,,,-1.0,0.0,-1.0,,,1.0,-1.0,
1085,2024-02-23,0.0,-1.0,-1.0,0.0,-1.0,-1.0,-1.0,1.0,-1.0,3004.881
1086,2024-03-01,0.0,-1.0,-1.0,0.0,-1.0,-1.0,-1.0,1.0,-1.0,3027.0204
1087,2024-03-08,0.0,-1.0,-1.0,0.0,-1.0,-1.0,-1.0,1.0,-1.0,3046.0192
1088,2024-03-15,0.0,-1.0,-1.0,0.0,-1.0,1.0,-1.0,1.0,-1.0,3054.6359
1089,2024-03-22,0.0,-1.0,-1.0,0.0,-1.0,1.0,-1.0,1.0,-1.0,3048.0336
1090,2024-03-29,0.0,-1.0,-1.0,0.0,-1.0,1.0,-1.0,1.0,-1.0,3041.1669
1091,2024-04-05,0.0,-1.0,-1.0,0.0,-1.0,-1.0,-1.0,1.0,-1.0,
1092,2024-04-12,0.0,-1.0,-1.0,0.0,-1.0,-1.0,-1.0,1.0,-1.0,3019.4735
1093,2024-04-19,0.0,-1.0,-1.0,0.0,-1.0,1.0,-1.0,1.0,-1.0,3065.261
1094,2024-04-26,0.0,-1.0,-1.0,0.0,-1.0,1.0,-1.0,1.0,-1.0,3088.6357
1095,2024-05-03,0.0,-1.0,-1.0,0.0,-1.0,-1.0,-1.0,1.0,-1.0,
1096,2024-05-10,0.0,-1.0,-1.0,0.0,1.0,-1.0,-1.0,1.0,-1.0,3154.5472
1097,2024-05-17,0.0,-1.0,-1.0,0.0,-1.0,1.0,-1.0,1.0,-1.0,3154.0263
1098,2024-05-24,0.0,-1.0,-1.0,0.0,-1.0,1.0,-1.0,1.0,-1.0,3088.8705
1099,2024-05-31,0.0,-1.0,-1.0,0.0,-1.0,1.0,-1.0,1.0,-1.0,3086.8134
1100,2024-06-07,0.0,-1.0,-1.0,0.0,-1.0,-1.0,-1.0,1.0,-1.0,3051.2787
1101,2024-06-14,0.0,-1.0,-1.0,0.0,-1.0,1.0,-1.0,1.0,-1.0,3032.6333
1102,2024-06-21,-1.0,-1.0,-1.0,0.0,-1.0,-1.0,-1.0,1.0,-1.0,2998.1377
1103,2024-06-28,-1.0,-1.0,-1.0,0.0,-1.0,-1.0,-1.0,1.0,-1.0,2967.4028
1104,2024-07-05,-1.0,-1.0,-1.0,0.0,-1.0,-1.0,-1.0,1.0,-1.0,2949.9333
1105,2024-07-12,-1.0,-1.0,-1.0,0.0,-1.0,1.0,-1.0,1.0,-1.0,2971.295
1106,2024-07-19,-1.0,-1.0,-1.0,0.0,-1.0,-1.0,-1.0,1.0,-1.0,2982.3086
1107,2024-07-26,-1.0,-1.0,-1.0,0.0,-1.0,1.0,-1.0,1.0,-1.0,2890.8973
1108,2024-08-02,-1.0,-1.0,-1.0,0.0,-1.0,-1.0,-1.0,1.0,-1.0,2905.3375
1109,2024-08-09,-1.0,-1.0,-1.0,0.0,-1.0,1.0,-1.0,1.0,-1.0,2862.1941
1110,2024-08-16,-1.0,-1.0,-1.0,0.0,-1.0,-1.0,-1.0,1.0,-1.0,2879.4298
1111,2024-08-23,,-1.0,-1.0,0.0,-1.0,-1.0,-1.0,1.0,-1.0,2854.3675
1112,2024-08-30,-1.0,-1.0,-1.0,0.0,-1.0,-1.0,-1.0,1.0,-1.0,2842.2142
1113,2024-09-06,-1.0,-1.0,-1.0,0.0,-1.0,-1.0,-1.0,1.0,-1.0,2765.8066
1114,2024-09-13,-1.0,-1.0,-1.0,0.0,-1.0,1.0,-1.0,1.0,-1.0,2704.0896
1115,2024-09-20,-1.0,-1.0,-1.0,0.0,-1.0,-1.0,-1.0,1.0,-1.0,2736.8139
1116,2024-09-27,,-1.0,-1.0,0.0,1.0,-1.0,-1.0,-1.0,-1.0,3087.5286
1117,2024-10-04,0.0,-1.0,-1.0,0.0,-1.0,-1.0,-1.0,-1.0,-1.0,
1118,2024-10-11,0.0,-1.0,-1.0,0.0,1.0,-1.0,-1.0,-1.0,-1.0,3217.7377
1119,2024-10-18,0.0,-1.0,-1.0,0.0,-1.0,-1.0,-1.0,-1.0,-1.0,3261.5633
1120,2024-10-25,0.0,-1.0,-1.0,0.0,-1.0,-1.0,-1.0,1.0,-1.0,3299.7003
1121,2024-11-01,,-1.0,-1.0,0.0,-1.0,-1.0,-1.0,1.0,-1.0,3272.0142
1122,2024-11-08,0.0,-1.0,-1.0,0.0,1.0,-1.0,-1.0,1.0,-1.0,3452.2971
1123,2024-11-15,0.0,-1.0,-1.0,0.0,-1.0,1.0,-1.0,1.0,-1.0,3330.7263
1124,2024-11-22,0.0,-1.0,-1.0,0.0,-1.0,-1.0,-1.0,1.0,-1.0,3267.1916
1125,2024-11-29,0.0,-1.0,-1.0,0.0,-1.0,-1.0,-1.0,1.0,-1.0,3326.4557
1126,2024-12-06,0.0,-1.0,-1.0,0.0,-1.0,-1.0,-1.0,1.0,-1.0,3404.0764
1127,2024-12-13,0.0,-1.0,-1.0,0.0,1.0,-1.0,-1.0,1.0,-1.0,3391.8782
1128,2024-12-20,0.0,-1.0,-1.0,0.0,-1.0,1.0,-1.0,1.0,-1.0,3368.0693
1129,2024-12-27,0.0,-1.0,-1.0,0.0,-1.0,1.0,-1.0,1.0,-1.0,3400.142
1130,2025-01-03,0.0,-1.0,-1.0,0.0,-1.0,1.0,-1.0,1.0,-1.0,3211.4299
1131,2025-01-10,0.0,-1.0,-1.0,0.0,-1.0,1.0,-1.0,1.0,-1.0,3168.5238
1132,2025-01-17,0.0,-1.0,-1.0,0.0,-1.0,-1.0,-1.0,1.0,-1.0,3241.8212
1133,2025-01-24,0.0,-1.0,-1.0,0.0,-1.0,-1.0,-1.0,1.0,-1.0,3252.6264
1134,2025-01-31,0.0,-1.0,-1.0,0.0,-1.0,1.0,-1.0,1.0,-1.0,
1135,2025-02-07,0.0,-1.0,-1.0,0.0,-1.0,-1.0,-1.0,1.0,-1.0,3303.6666
1136,2025-02-14,0.0,-1.0,-1.0,0.0,-1.0,-1.0,-1.0,1.0,-1.0,3346.7242
1137,2025-02-21,0.0,-1.0,-1.0,0.0,-1.0,-1.0,-1.0,1.0,-1.0,3379.1128
1138,2025-02-28,0.0,-1.0,-1.0,0.0,-1.0,1.0,-1.0,1.0,-1.0,3320.8973
1139,2025-03-07,,-1.0,-1.0,0.0,-1.0,-1.0,-1.0,1.0,-1.0,3372.5458
1140,2025-03-14,0.0,-1.0,-1.0,0.0,-1.0,-1.0,-1.0,1.0,-1.0,3419.5616
1141,2025-03-21,0.0,-1.0,-1.0,0.0,-1.0,-1.0,-1.0,1.0,-1.0,3364.8307
1142,2025-03-28,0.0,-1.0,-1.0,0.0,-1.0,1.0,-1.0,-1.0,-1.0,3351.3068
1143,2025-04-04,0.0,-1.0,-1.0,0.0,-1.0,-1.0,-1.0,-1.0,-1.0,
1144,2025-04-11,0.0,-1.0,-1.0,0.0,-1.0,1.0,-1.0,-1.0,-1.0,3238.2268
1145,2025-04-18,0.0,-1.0,-1.0,0.0,-1.0,1.0,-1.0,-1.0,-1.0,3276.7304
1146,2025-04-25,0.0,-1.0,-1.0,0.0,-1.0,-1.0,-1.0,1.0,-1.0,3295.06
1147,2025-05-02,0.0,-1.0,-1.0,0.0,-1.0,-1.0,-1.0,1.0,-1.0,
1148,2025-05-09,0.0,-1.0,-1.0,0.0,-1.0,-1.0,-1.0,1.0,-1.0,3341.9989
1149,2025-05-16,0.0,-1.0,-1.0,0.0,-1.0,1.0,-1.0,1.0,-1.0,3367.4619
1150,2025-05-23,0.0,-1.0,-1.0,0.0,-1.0,-1.0,-1.0,1.0,-1.0,3348.3717
1151,2025-05-30,0.0,-1.0,-1.0,0.0,-1.0,-1.0,-1.0,1.0,-1.0,3347.4873
1152,2025-06-06,0.0,-1.0,-1.0,0.0,-1.0,-1.0,-1.0,1.0,-1.0,3385.3579
1153,2025-06-13,0.0,-1.0,-1.0,0.0,-1.0,-1.0,-1.0,1.0,-1.0,3376.996
1154,2025-06-20,0.0,-1.0,-1.0,0.0,-1.0,1.0,-1.0,1.0,-1.0,3359.8954
1155,2025-06-27,0.0,-1.0,-1.0,0.0,-1.0,-1.0,-1.0,1.0,-1.0,3424.2267
1156,2025-07-04,,-1.0,-1.0,0.0,-1.0,-1.0,-1.0,1.0,-1.0,3472.3192
1157,2025-07-11,0.0,-1.0,-1.0,0.0,1.0,-1.0,-1.0,1.0,-1.0,3510.1772
1158,2025-07-18,0.0,-1.0,-1.0,0.0,-1.0,1.0,-1.0,1.0,-1.0,3534.4827
1159,2025-07-25,0.0,-1.0,-1.0,0.0,-1.0,-1.0,-1.0,-1.0,-1.0,3593.6553
1160,2025-08-01,,-1.0,-1.0,0.0,-1.0,1.0,-1.0,-1.0,-1.0,3559.9518
1161,2025-08-08,0.0,-1.0,-1.0,0.0,-1.0,1.0,-1.0,-1.0,-1.0,3635.1281
1162,2025-08-15,,-1.0,-1.0,0.0,-1.0,,-1.0,-1.0,-1.0,3696.7705
1163,2025-08-22,,-1.0,-1.0,0.0,-1.0,,,-1.0,-1.0,3825.7592
1164,2025-08-29,,-1.0,-1.0,0.0,-1.0,,-1.0,-1.0,-1.0,3857.9274
1165,2025-09-05,0.0,-1.0,-1.0,0.0,-1.0,1.0,-1.0,-1.0,-1.0,3812.5143
1166,2025-09-12,0.0,-1.0,-1.0,0.0,-1.0,1.0,-1.0,-1.0,-1.0,3870.5984
1167,2025-09-19,0.0,-1.0,-1.0,0.0,-1.0,1.0,-1.0,-1.0,-1.0,3820.0894
1168,2025-09-26,0.0,-1.0,-1.0,0.0,-1.0,1.0,-1.0,-1.0,-1.0,3828.106
1169,2025-10-03,0.0,-1.0,-1.0,0.0,-1.0,1.0,-1.0,-1.0,-1.0,
1170,2025-10-10,0.0,-1.0,-1.0,0.0,-1.0,1.0,-1.0,-1.0,-1.0,3897.0281
1171,2025-10-17,0.0,-1.0,-1.0,0.0,1.0,1.0,-1.0,-1.0,-1.0,3839.7553
1172,2025-10-24,0.0,-1.0,-1.0,0.0,-1.0,1.0,-1.0,-1.0,-1.0,3950.3115
1173,2025-10-31,0.0,-1.0,1.0,1.0,-1.0,,-1.0,-1.0,-1.0,3954.79
1174,2025-11-07,0.0,-1.0,1.0,,-1.0,-1.0,-1.0,-1.0,-1.0,3997.5557
